index,v_level,gamma_level,s_level,tau_level,v_gen,gamma_gen,s_gen,tau_gen,v_rec,v_rec_hpd_lower,v_rec_hpd_upper,gamma_rec,gamma_rec_hpd_lower,gamma_rec_hpd_upper,s_rec,s_rec_hpd_lower,s_rec_hpd_upper,tau_rec,tau_rec_hpd_lower,tau_rec_hpd_upper,converged
35,medium,low,high,high,8.249999999999999e-05,-0.8,0.0103,1.135,8.617417053894109e-05,6.747625761374329e-05,0.00010514544323468448,-0.5627488625256207,-0.6442876049685811,-0.4803812172206974,0.010378091027142397,0.009901474103691027,0.010888056595092703,1.3279936329274555,1.165178926713169,1.4845851752978727,
