index,v_level,gamma_level,s_level,tau_level,v_gen,gamma_gen,s_gen,tau_gen,v_rec,v_rec_hpd_lower,v_rec_hpd_upper,gamma_rec,gamma_rec_hpd_lower,gamma_rec_hpd_upper,s_rec,s_rec_hpd_lower,s_rec_hpd_upper,tau_rec,tau_rec_hpd_lower,tau_rec_hpd_upper,converged
42,medium,medium,high,low,8.249999999999999e-05,5.551115123125783e-17,0.0103,0.21500000000000002,8.999280283969654e-05,6.910501170856185e-05,0.00010990086688473343,0.015304970761498086,-0.12964476393022517,0.17381827220340695,0.010118133865895856,0.009746588913078526,0.01050603611134184,0.18197503597099257,0.13257644771039084,0.23556949038563643,
