index,v_level,gamma_level,s_level,tau_level,v_gen,gamma_gen,s_gen,tau_gen,v_rec,v_rec_hpd_lower,v_rec_hpd_upper,gamma_rec,gamma_rec_hpd_lower,gamma_rec_hpd_upper,s_rec,s_rec_hpd_lower,s_rec_hpd_upper,tau_rec,tau_rec_hpd_lower,tau_rec_hpd_upper,converged
15,low,medium,high,low,2.85e-05,5.551115123125783e-17,0.0103,0.21500000000000002,3.957166227945182e-05,2.7191065517401042e-05,5.40130124909605e-05,0.027743253921070805,-0.12369934671951632,0.1653302552443605,0.010198728094824139,0.009777329901938815,0.010632356271928213,0.30754719113580337,0.2084199332998316,0.4141413549299342,
