index,v_level,gamma_level,s_level,tau_level,v_gen,gamma_gen,s_gen,tau_gen,v_rec,v_rec_hpd_lower,v_rec_hpd_upper,gamma_rec,gamma_rec_hpd_lower,gamma_rec_hpd_upper,s_rec,s_rec_hpd_lower,s_rec_hpd_upper,tau_rec,tau_rec_hpd_lower,tau_rec_hpd_upper,converged
10,low,medium,low,medium,2.85e-05,5.551115123125783e-17,0.0047,0.6749999999999999,3.8860428231315734e-05,2.573232905666659e-05,5.1955573978284586e-05,0.031162651795001536,-0.14278801137829233,0.19523353095774665,0.004115563438771184,0.0033471611010769706,0.004924064884646138,0.6255421600549286,0.5168275246013722,0.7387459110426793,
