index,v_level,gamma_level,s_level,tau_level,v_gen,gamma_gen,s_gen,tau_gen,v_rec,v_rec_hpd_lower,v_rec_hpd_upper,gamma_rec,gamma_rec_hpd_lower,gamma_rec_hpd_upper,s_rec,s_rec_hpd_lower,s_rec_hpd_upper,tau_rec,tau_rec_hpd_lower,tau_rec_hpd_upper,converged
9,low,medium,low,low,2.85e-05,5.551115123125783e-17,0.0047,0.21500000000000002,4.258853065756589e-05,2.6981346872486143e-05,5.901306968994956e-05,0.0012353209178910722,-0.09486997918242579,0.10987003077780821,0.00381098006231844,0.0031461745131779917,0.004694201721726342,0.18485888550204466,0.13587176857150252,0.2396829346105246,
