index,v_level,gamma_level,s_level,tau_level,v_gen,gamma_gen,s_gen,tau_gen,v_rec,v_rec_hpd_lower,v_rec_hpd_upper,gamma_rec,gamma_rec_hpd_lower,gamma_rec_hpd_upper,s_rec,s_rec_hpd_lower,s_rec_hpd_upper,tau_rec,tau_rec_hpd_lower,tau_rec_hpd_upper,converged
71,high,medium,high,high,0.0001365,5.551115123125783e-17,0.0103,1.135,0.00012482522693146248,0.00011017205319873772,0.00014073140088542257,-0.029735739166024566,-0.15569283718017468,0.10927938547394356,0.010556123473742077,0.010208152965540384,0.010880777613688717,1.3214062443532761,1.1981475591044402,1.4362987896510793,
