index,v_level,gamma_level,s_level,tau_level,v_gen,gamma_gen,s_gen,tau_gen,v_rec,v_rec_hpd_lower,v_rec_hpd_upper,gamma_rec,gamma_rec_hpd_lower,gamma_rec_hpd_upper,s_rec,s_rec_hpd_lower,s_rec_hpd_upper,tau_rec,tau_rec_hpd_lower,tau_rec_hpd_upper,converged
31,medium,low,medium,medium,8.249999999999999e-05,-0.8,0.0075,0.6749999999999999,9.990202226052027e-05,7.169726537459723e-05,0.00013182454225102122,-0.7397219149712518,-0.8109095938335543,-0.6618026950825608,0.005431257032325159,0.004125944541302137,0.006689622412194772,0.45696875665168024,0.34829014709753586,0.5595224488110504,
