index,v_level,gamma_level,s_level,tau_level,v_gen,gamma_gen,s_gen,tau_gen,v_rec,v_rec_hpd_lower,v_rec_hpd_upper,gamma_rec,gamma_rec_hpd_lower,gamma_rec_hpd_upper,s_rec,s_rec_hpd_lower,s_rec_hpd_upper,tau_rec,tau_rec_hpd_lower,tau_rec_hpd_upper,converged
8,low,low,high,high,2.85e-05,-0.8,0.0103,1.135,4.376760539553843e-05,2.5860637901397953e-05,6.361970854333563e-05,-0.6463267917987245,-0.7158843812249236,-0.57404977731904,0.010010160711588147,0.009626258997766392,0.010377184536256506,1.17760284901334,0.9772548157479516,1.3718435445422303,
