index,v_level,gamma_level,s_level,tau_level,v_gen,gamma_gen,s_gen,tau_gen,v_rec,v_rec_hpd_lower,v_rec_hpd_upper,gamma_rec,gamma_rec_hpd_lower,gamma_rec_hpd_upper,s_rec,s_rec_hpd_lower,s_rec_hpd_upper,tau_rec,tau_rec_hpd_lower,tau_rec_hpd_upper,converged
36,medium,medium,low,low,8.249999999999999e-05,5.551115123125783e-17,0.0047,0.21500000000000002,9.844797550643342e-05,7.674755818691186e-05,0.00012046116519581289,-0.012626348652196171,-0.1585429581728729,0.1076613636118251,0.0027766427358677406,0.0022617817401781254,0.0032989022177551605,0.11023591328990946,0.06978556851807954,0.15370842690003392,
