index,v_level,gamma_level,s_level,tau_level,v_gen,gamma_gen,s_gen,tau_gen,v_rec,v_rec_hpd_lower,v_rec_hpd_upper,gamma_rec,gamma_rec_hpd_lower,gamma_rec_hpd_upper,s_rec,s_rec_hpd_lower,s_rec_hpd_upper,tau_rec,tau_rec_hpd_lower,tau_rec_hpd_upper,converged
40,medium,medium,medium,medium,8.249999999999999e-05,5.551115123125783e-17,0.0075,0.6749999999999999,8.903822246986323e-05,6.470533457024897e-05,0.00011757064798074746,-0.034541544716692074,-0.20502386461774413,0.14600853672175296,0.0056198789003537265,0.004539790200088475,0.006786832982917492,0.4925250788252392,0.3811623880485845,0.6179747008294569,
