index,v_level,gamma_level,s_level,tau_level,v_gen,gamma_gen,s_gen,tau_gen,v_rec,v_rec_hpd_lower,v_rec_hpd_upper,gamma_rec,gamma_rec_hpd_lower,gamma_rec_hpd_upper,s_rec,s_rec_hpd_lower,s_rec_hpd_upper,tau_rec,tau_rec_hpd_lower,tau_rec_hpd_upper,converged
78,high,high,high,low,0.00013699999999999997,0.8000000000000004,0.0123,0.21500000000000002,0.000120476102887383,0.00010176430294640556,0.00013980439115695548,0.8487691678212679,0.6609657701582741,0.9995435112124742,0.01193531978547679,0.011378335100731734,0.012492458607704593,0.22164634193094848,0.0906647527225017,0.3507217121821848,True
