index,v_level,gamma_level,s_level,tau_level,v_gen,gamma_gen,s_gen,tau_gen,v_rec,v_rec_hpd_lower,v_rec_hpd_upper,gamma_rec,gamma_rec_hpd_lower,gamma_rec_hpd_upper,s_rec,s_rec_hpd_lower,s_rec_hpd_upper,tau_rec,tau_rec_hpd_lower,tau_rec_hpd_upper,converged
72,high,high,low,low,0.0001365,0.8000000000000004,0.0047,0.21500000000000002,0.00013265005844611934,8.75858102099473e-05,0.0001900771909909938,0.6413428586011589,0.5215131387772245,0.7519123059946375,0.004913499961226157,0.004440691377429698,0.0053605919673989635,0.23002001469952793,0.16466656402562727,0.2954122468625945,False
