index,v_level,gamma_level,s_level,tau_level,v_gen,gamma_gen,s_gen,tau_gen,v_rec,v_rec_hpd_lower,v_rec_hpd_upper,gamma_rec,gamma_rec_hpd_lower,gamma_rec_hpd_upper,s_rec,s_rec_hpd_lower,s_rec_hpd_upper,tau_rec,tau_rec_hpd_lower,tau_rec_hpd_upper,converged
27,medium,low,low,low,8.249999999999999e-05,-0.8,0.0047,0.21500000000000002,8.308775124209716e-05,6.461983444237984e-05,0.00010222393096807715,-0.700604568922362,-0.7924629714364413,-0.611613749051262,0.0047411032589851935,0.003974074157480796,0.006093572922079998,0.2259891159743786,0.15602255828683947,0.3064308902021161,False
