index,v_level,gamma_level,s_level,tau_level,v_gen,gamma_gen,s_gen,tau_gen,v_rec,v_rec_hpd_lower,v_rec_hpd_upper,gamma_rec,gamma_rec_hpd_lower,gamma_rec_hpd_upper,s_rec,s_rec_hpd_lower,s_rec_hpd_upper,tau_rec,tau_rec_hpd_lower,tau_rec_hpd_upper,converged
75,high,high,medium,low,0.00013699999999999997,0.8000000000000004,0.0095,0.21500000000000002,0.00012216502604894567,0.00010951313528227599,0.0001351024570218837,0.8799268374839158,0.7346009483818658,0.9999307146526508,0.009321565100702079,0.008619261891030261,0.01005841570321755,0.2410323871727936,0.16475679104925434,0.32285647130771306,True
