index,v_level,gamma_level,s_level,tau_level,v_gen,gamma_gen,s_gen,tau_gen,v_rec,v_rec_hpd_lower,v_rec_hpd_upper,gamma_rec,gamma_rec_hpd_lower,gamma_rec_hpd_upper,s_rec,s_rec_hpd_lower,s_rec_hpd_upper,tau_rec,tau_rec_hpd_lower,tau_rec_hpd_upper,converged
63,high,medium,low,low,0.00013699999999999997,5.551115123125783e-17,0.0067,0.21500000000000002,0.0001268642918509999,0.00010787605902234605,0.0001422701906502255,-0.0007499398868149939,-0.14884145162617557,0.1363454736299321,0.006474624275214056,0.005968239791043512,0.007028793565484991,0.2493981990259405,0.1904238198492825,0.3194588178598905,True
