index,v_level,gamma_level,s_level,tau_level,v_gen,gamma_gen,s_gen,tau_gen,v_rec,v_rec_hpd_lower,v_rec_hpd_upper,gamma_rec,gamma_rec_hpd_lower,gamma_rec_hpd_upper,s_rec,s_rec_hpd_lower,s_rec_hpd_upper,tau_rec,tau_rec_hpd_lower,tau_rec_hpd_upper,converged
60,high,low,high,low,0.0001365,-0.8,0.0103,0.21500000000000002,0.00011984887091276525,9.965194137574632e-05,0.00013926451125165952,-0.6671106712594095,-0.7494796958932595,-0.5743795845974454,0.009994139945241563,0.00937002202755228,0.01061973969044412,0.31623473445648376,0.22745015410181346,0.40982843509052685,False
