index,v_level,gamma_level,s_level,tau_level,v_gen,gamma_gen,s_gen,tau_gen,v_rec,v_rec_hpd_lower,v_rec_hpd_upper,gamma_rec,gamma_rec_hpd_lower,gamma_rec_hpd_upper,s_rec,s_rec_hpd_lower,s_rec_hpd_upper,tau_rec,tau_rec_hpd_lower,tau_rec_hpd_upper,converged
42,medium,medium,high,low,8.499999999999999e-05,5.551115123125783e-17,0.0123,0.21500000000000002,9.848695279794581e-05,8.529335057637648e-05,0.00011123487625676603,0.04882554628193658,-0.27724089395751506,0.3909446765439899,0.011945701244708399,0.011122451591595792,0.01279309339246212,0.17721952822479356,0.03058125511608461,0.2981287077339685,True
