index,v_level,gamma_level,s_level,tau_level,v_gen,gamma_gen,s_gen,tau_gen,v_rec,v_rec_hpd_lower,v_rec_hpd_upper,gamma_rec,gamma_rec_hpd_lower,gamma_rec_hpd_upper,s_rec,s_rec_hpd_lower,s_rec_hpd_upper,tau_rec,tau_rec_hpd_lower,tau_rec_hpd_upper,converged
79,high,high,high,medium,0.0001365,0.8000000000000004,0.0103,0.6749999999999999,0.00011487070999527919,9.775391850027009e-05,0.00013012180833227535,0.6568445170571996,0.5459758131840609,0.7790283126676119,0.010113104713930452,0.00965731093709009,0.010615357286194959,0.6477313049330446,0.47898220588231344,0.8240597517227499,False
