index,v_level,gamma_level,s_level,tau_level,v_gen,gamma_gen,s_gen,tau_gen,v_rec,v_rec_hpd_lower,v_rec_hpd_upper,gamma_rec,gamma_rec_hpd_lower,gamma_rec_hpd_upper,s_rec,s_rec_hpd_lower,s_rec_hpd_upper,tau_rec,tau_rec_hpd_lower,tau_rec_hpd_upper,converged
10,low,medium,low,medium,3.3e-05,5.551115123125783e-17,0.0067,0.6749999999999999,4.5907088503135104e-05,3.678872277423021e-05,5.474530389985729e-05,0.025345260371739505,-0.10850364396298495,0.17449976042584403,0.007014522229911025,0.006468116742027441,0.007566348921211436,0.8034584362441486,0.65497276024911,0.9499236395700811,True
