index,v_level,gamma_level,s_level,tau_level,v_gen,gamma_gen,s_gen,tau_gen,v_rec,v_rec_hpd_lower,v_rec_hpd_upper,gamma_rec,gamma_rec_hpd_lower,gamma_rec_hpd_upper,s_rec,s_rec_hpd_lower,s_rec_hpd_upper,tau_rec,tau_rec_hpd_lower,tau_rec_hpd_upper,converged
69,high,medium,high,low,0.0001365,5.551115123125783e-17,0.0103,0.21500000000000002,0.00013357756061524708,0.0001202523305355261,0.00014743842957808283,0.12584822527035364,-0.030140376281371895,0.2747742519115637,0.010153234807267377,0.009524432010761223,0.010773971878635854,0.2627464479054887,0.19354333013916478,0.33771665002843754,False
