index,v_level,gamma_level,s_level,tau_level,v_gen,gamma_gen,s_gen,tau_gen,v_rec,v_rec_hpd_lower,v_rec_hpd_upper,gamma_rec,gamma_rec_hpd_lower,gamma_rec_hpd_upper,s_rec,s_rec_hpd_lower,s_rec_hpd_upper,tau_rec,tau_rec_hpd_lower,tau_rec_hpd_upper,converged
38,medium,medium,low,high,8.499999999999999e-05,5.551115123125783e-17,0.0067,1.135,9.666691629464111e-05,8.117917282496089e-05,0.0001110686484797806,0.004357032376769836,-0.10052535072359348,0.12105188091599395,0.006573170110829375,0.00609392305852991,0.0070003571552119176,1.0979324944799649,0.9174775885871691,1.2878439335655942,False
