index,v_level,gamma_level,s_level,tau_level,v_gen,gamma_gen,s_gen,tau_gen,v_rec,v_rec_hpd_lower,v_rec_hpd_upper,gamma_rec,gamma_rec_hpd_lower,gamma_rec_hpd_upper,s_rec,s_rec_hpd_lower,s_rec_hpd_upper,tau_rec,tau_rec_hpd_lower,tau_rec_hpd_upper,converged
8,low,low,high,high,2.85e-05,-0.8,0.0103,1.135,4.623140626386829e-05,2.7491251623227664e-05,6.322973226037633e-05,-0.730481020775247,-0.8231676689231052,-0.6416029360551665,0.009670209386885497,0.009082745891676378,0.010350216242668703,0.8891926497189523,0.7106739453809343,1.0499928492228023,False
