index,v_level,gamma_level,s_level,tau_level,v_gen,v_gen_actual,gamma_gen,gamma_gen_actual,s_gen,s_gen_actual,tau_gen,tau_gen_actual,v_rec,v_rec_hpd_lower,v_rec_hpd_upper,gamma_rec,gamma_rec_hpd_lower,gamma_rec_hpd_upper,s_rec,s_rec_hpd_lower,s_rec_hpd_upper,tau_rec,tau_rec_hpd_lower,tau_rec_hpd_upper,converged
63,high,medium,low,low,0.000137,0.00013577248908988967,0.0,0.07665493523535902,0.0067,0.006629722601577253,0.215,0.1999659651265389,0.00014001210678603443,0.00013537319756268897,0.00014499517009153415,0.16060345914453825,0.028274516700683705,0.29884796016127524,0.0059605254268951646,0.005674984213799993,0.0062647137780641945,0.15068071134096944,0.06700439899578099,0.2274485575838312,True
