index,v_level,gamma_level,s_level,tau_level,v_gen,gamma_gen,s_gen,tau_gen,v_rec,v_rec_hpd_lower,v_rec_hpd_upper,gamma_rec,gamma_rec_hpd_lower,gamma_rec_hpd_upper,s_rec,s_rec_hpd_lower,s_rec_hpd_upper,tau_rec,tau_rec_hpd_lower,tau_rec_hpd_upper,converged
2,low,low,low,high,2.85e-05,-0.8,0.0047,1.135,5.380511774575269e-05,1.900155386652164e-05,9.954392789216079e-05,-0.6681116768307007,-0.7591026803745622,-0.5868101485410684,0.005029568550974187,0.004490717205320093,0.005643659321615552,1.338666025565912,0.8426227895064636,2.0244703852384296,False
