index,v_level,gamma_level,s_level,tau_level,v_gen,gamma_gen,s_gen,tau_gen,v_rec,v_rec_hpd_lower,v_rec_hpd_upper,gamma_rec,gamma_rec_hpd_lower,gamma_rec_hpd_upper,s_rec,s_rec_hpd_lower,s_rec_hpd_upper,tau_rec,tau_rec_hpd_lower,tau_rec_hpd_upper,converged
43,medium,medium,high,medium,8.499999999999999e-05,5.551115123125783e-17,0.0123,0.6749999999999999,9.237741033427747e-05,7.489801008622575e-05,0.00010951849391781029,-0.025424149486552694,-0.17051854013668155,0.11753234987817862,0.011916807517800259,0.011142443027702491,0.01271342714585241,0.6932516890942194,0.4927866305536788,0.9174011668398973,True
