index,v_level,gamma_level,s_level,tau_level,v_gen,gamma_gen,s_gen,tau_gen,v_rec,v_rec_hpd_lower,v_rec_hpd_upper,gamma_rec,gamma_rec_hpd_lower,gamma_rec_hpd_upper,s_rec,s_rec_hpd_lower,s_rec_hpd_upper,tau_rec,tau_rec_hpd_lower,tau_rec_hpd_upper,converged
16,low,medium,high,medium,2.85e-05,5.551115123125783e-17,0.0103,0.6749999999999999,5.583906090969626e-05,4.0751255031779105e-05,7.098289963209779e-05,0.008341712882915325,-0.11816080899928971,0.1280727352618698,0.010138275766329634,0.009564562332399367,0.010688373844536886,0.5673563422465814,0.4650269395510398,0.675097153523866,False
