index,v_level,gamma_level,s_level,tau_level,v_gen,gamma_gen,s_gen,tau_gen,v_rec,v_rec_hpd_lower,v_rec_hpd_upper,gamma_rec,gamma_rec_hpd_lower,gamma_rec_hpd_upper,s_rec,s_rec_hpd_lower,s_rec_hpd_upper,tau_rec,tau_rec_hpd_lower,tau_rec_hpd_upper,converged
51,medium,high,high,low,8.499999999999999e-05,0.8000000000000004,0.0123,0.21500000000000002,8.457271164308717e-05,6.706992807073028e-05,0.00010434174610518303,0.8368576239152818,0.7057878322810733,0.999996726101509,0.01196515283977367,0.011360387038252944,0.012561484175739015,0.25192471850155407,0.17161084264502666,0.3410773624075265,True
