index,v_level,gamma_level,s_level,tau_level,v_gen,gamma_gen,s_gen,tau_gen,v_rec,v_rec_hpd_lower,v_rec_hpd_upper,gamma_rec,gamma_rec_hpd_lower,gamma_rec_hpd_upper,s_rec,s_rec_hpd_lower,s_rec_hpd_upper,tau_rec,tau_rec_hpd_lower,tau_rec_hpd_upper,converged
51,medium,high,high,low,8.249999999999999e-05,0.8000000000000004,0.0103,0.21500000000000002,0.00010054355192263031,8.09171492220026e-05,0.00011986005422188837,0.8005590777664154,0.6997643870248742,0.8890785871113343,0.010161368257071913,0.009588409512222437,0.010765396354646007,0.2983581706507822,0.21410240901776292,0.3996266078897235,False
