index,v_level,gamma_level,s_level,tau_level,v_gen,gamma_gen,s_gen,tau_gen,v_rec,v_rec_hpd_lower,v_rec_hpd_upper,gamma_rec,gamma_rec_hpd_lower,gamma_rec_hpd_upper,s_rec,s_rec_hpd_lower,s_rec_hpd_upper,tau_rec,tau_rec_hpd_lower,tau_rec_hpd_upper,converged
6,low,low,high,low,2.85e-05,-0.8,0.0103,0.21500000000000002,4.224180172206072e-05,2.819193798931103e-05,5.655734697757282e-05,-0.6634976943475779,-0.7865285094439026,-0.4914530707032272,0.009447960592791991,0.009018129108904963,0.009850292734266611,0.23685459586507254,0.175220795005523,0.3000161638288782,False
