index,v_level,gamma_level,s_level,tau_level,v_gen,gamma_gen,s_gen,tau_gen,v_rec,v_rec_hpd_lower,v_rec_hpd_upper,gamma_rec,gamma_rec_hpd_lower,gamma_rec_hpd_upper,s_rec,s_rec_hpd_lower,s_rec_hpd_upper,tau_rec,tau_rec_hpd_lower,tau_rec_hpd_upper,converged
19,low,high,low,medium,3.3e-05,0.8000000000000004,0.0067,0.6749999999999999,4.62974066783495e-05,3.700500909838718e-05,5.846840396152102e-05,0.8035878429135208,0.6803576924569654,0.9557908673303466,0.006880219777268826,0.006356966267077556,0.00736693392874045,0.7417292141168799,0.5703107962602637,0.9181265599925116,True
