index,v_level,gamma_level,s_level,tau_level,v_gen,gamma_gen,s_gen,tau_gen,v_rec,v_rec_hpd_lower,v_rec_hpd_upper,gamma_rec,gamma_rec_hpd_lower,gamma_rec_hpd_upper,s_rec,s_rec_hpd_lower,s_rec_hpd_upper,tau_rec,tau_rec_hpd_lower,tau_rec_hpd_upper,converged
16,low,medium,high,medium,3.3e-05,5.551115123125783e-17,0.0123,0.6749999999999999,4.844929929273402e-05,3.6999228562530965e-05,6.0626781898882004e-05,-0.01890600799901945,-0.2000644274771215,0.16363077186141695,0.012352800206890266,0.011675138418111485,0.0131083399817988,0.8293241415228855,0.4357763453714933,1.2542771125414245,True
