index,v_level,gamma_level,s_level,tau_level,v_gen,gamma_gen,s_gen,tau_gen,v_rec,v_rec_hpd_lower,v_rec_hpd_upper,gamma_rec,gamma_rec_hpd_lower,gamma_rec_hpd_upper,s_rec,s_rec_hpd_lower,s_rec_hpd_upper,tau_rec,tau_rec_hpd_lower,tau_rec_hpd_upper,converged
50,medium,high,medium,high,8.249999999999999e-05,0.8000000000000004,0.0075,1.135,9.00625288959245e-05,5.6712864550376265e-05,0.00014235006272607292,0.7330197949917829,0.5183270401058473,0.8772438432411322,0.007757185067737811,0.007101835233621907,0.008530928252040002,1.3511167014870749,0.9888121445046452,1.79317251456502,False
