index,v_level,gamma_level,s_level,tau_level,v_gen,gamma_gen,s_gen,tau_gen,v_rec,v_rec_hpd_lower,v_rec_hpd_upper,gamma_rec,gamma_rec_hpd_lower,gamma_rec_hpd_upper,s_rec,s_rec_hpd_lower,s_rec_hpd_upper,tau_rec,tau_rec_hpd_lower,tau_rec_hpd_upper,converged
37,medium,medium,low,medium,8.499999999999999e-05,5.551115123125783e-17,0.0067,0.6749999999999999,9.945105069209221e-05,8.804454957524244e-05,0.00011060975987596404,0.008110402773468644,-0.1302699853094289,0.14469952709035816,0.006500029947433473,0.006090829813978106,0.006916193622852986,0.6117508840611657,0.48099439645964115,0.7382809168014819,False
