index,v_level,gamma_level,s_level,tau_level,v_gen,gamma_gen,s_gen,tau_gen,v_rec,v_rec_hpd_lower,v_rec_hpd_upper,gamma_rec,gamma_rec_hpd_lower,gamma_rec_hpd_upper,s_rec,s_rec_hpd_lower,s_rec_hpd_upper,tau_rec,tau_rec_hpd_lower,tau_rec_hpd_upper,converged
47,medium,high,low,high,8.249999999999999e-05,0.8000000000000004,0.0047,1.135,8.201698726884091e-05,5.199517499494519e-05,0.00012434676994857715,0.6382870421200169,0.48970324519362274,0.7781142644263017,0.004713298523009332,0.0042039409778675835,0.0052451468820457915,1.123639937199212,0.9334522842275281,1.3329408534879983,False
