index,v_level,gamma_level,s_level,tau_level,v_gen,v_gen_actual,gamma_gen,gamma_gen_actual,s_gen,s_gen_actual,tau_gen,tau_gen_actual,v_rec,v_rec_hpd_lower,v_rec_hpd_upper,gamma_rec,gamma_rec_hpd_lower,gamma_rec_hpd_upper,s_rec,s_rec_hpd_lower,s_rec_hpd_upper,tau_rec,tau_rec_hpd_lower,tau_rec_hpd_upper,converged
57,high,low,medium,low,0.000137,0.00013425981392176895,-0.7,-0.6505511902001463,0.0095,0.009746418006757195,0.215,0.22284797190298686,0.00014091205841744884,0.0001325353525192732,0.0001502422589503199,-0.7089809034116207,-0.8695516778908434,-0.5576074274241147,0.009908683595270949,0.009043432857631038,0.010847676315599634,0.25142340367025706,0.14048671890585576,0.3663840123697184,True
