index,v_level,gamma_level,s_level,tau_level,v_gen,gamma_gen,s_gen,tau_gen,v_rec,v_rec_hpd_lower,v_rec_hpd_upper,gamma_rec,gamma_rec_hpd_lower,gamma_rec_hpd_upper,s_rec,s_rec_hpd_lower,s_rec_hpd_upper,tau_rec,tau_rec_hpd_lower,tau_rec_hpd_upper,converged
21,low,high,medium,low,3.3e-05,0.8000000000000004,0.0095,0.21500000000000002,4.714532901715149e-05,3.399177696504279e-05,5.889317665236889e-05,0.7344985803492687,0.5379323600662413,0.9654196142780869,0.009689542804536438,0.009045817510743766,0.010367481474172947,0.24800381627648793,0.15394558946338083,0.3322219011208575,True
