index,v_level,gamma_level,s_level,tau_level,v_gen,gamma_gen,s_gen,tau_gen,v_rec,v_rec_hpd_lower,v_rec_hpd_upper,gamma_rec,gamma_rec_hpd_lower,gamma_rec_hpd_upper,s_rec,s_rec_hpd_lower,s_rec_hpd_upper,tau_rec,tau_rec_hpd_lower,tau_rec_hpd_upper,converged
73,high,high,low,medium,0.0001365,0.8000000000000004,0.0047,0.6749999999999999,0.00013890767466307835,0.00010013700586440386,0.00020496507585551695,0.6749477248003576,0.5438422687293181,0.8039206885375934,0.004951472467726907,0.00462998036602746,0.005273899968939917,0.5859308107173723,0.4558985329328808,0.7156203263043184,False
