index,v_level,gamma_level,s_level,tau_level,v_gen,gamma_gen,s_gen,tau_gen,v_rec,v_rec_hpd_lower,v_rec_hpd_upper,gamma_rec,gamma_rec_hpd_lower,gamma_rec_hpd_upper,s_rec,s_rec_hpd_lower,s_rec_hpd_upper,tau_rec,tau_rec_hpd_lower,tau_rec_hpd_upper,converged
2,low,low,low,high,3.3e-05,-0.8,0.0067,1.135,5.173177271920657e-05,3.800429777969008e-05,6.432090604088433e-05,-0.635629258288125,-0.7011340055932891,-0.5670908360418974,0.007328928979089175,0.006770409961309671,0.007903154172061855,1.2294960311487328,1.0124020033708268,1.4386279499686494,True
