index,v_level,gamma_level,s_level,tau_level,v_gen,gamma_gen,s_gen,tau_gen,v_rec,v_rec_hpd_lower,v_rec_hpd_upper,gamma_rec,gamma_rec_hpd_lower,gamma_rec_hpd_upper,s_rec,s_rec_hpd_lower,s_rec_hpd_upper,tau_rec,tau_rec_hpd_lower,tau_rec_hpd_upper,converged
70,high,medium,high,medium,0.00013699999999999997,5.551115123125783e-17,0.0123,0.6749999999999999,0.00011832017739392258,9.896165210227467e-05,0.00013460524051897796,0.03982250320597983,-0.10192356261242885,0.20043266684187877,0.012025580782915558,0.011434935360634032,0.012707120530042344,0.7093943611294384,0.5343256791794921,0.8989440829698613,True
