index,v_level,gamma_level,s_level,tau_level,v_gen,gamma_gen,s_gen,tau_gen,v_rec,v_rec_hpd_lower,v_rec_hpd_upper,gamma_rec,gamma_rec_hpd_lower,gamma_rec_hpd_upper,s_rec,s_rec_hpd_lower,s_rec_hpd_upper,tau_rec,tau_rec_hpd_lower,tau_rec_hpd_upper,converged
4,low,low,medium,medium,2.85e-05,-0.8,0.0075,0.6749999999999999,6.908378191730116e-05,3.6827437745522995e-05,0.0001187709556795015,-0.627317753607717,-0.7230905584304403,-0.5330790565254682,0.0077456145797710615,0.006887361524391802,0.009003430801126124,0.7345852175504877,0.4421702127928281,1.2697090742224428,False
