index,v_level,gamma_level,s_level,tau_level,v_gen,gamma_gen,s_gen,tau_gen,v_rec,v_rec_hpd_lower,v_rec_hpd_upper,gamma_rec,gamma_rec_hpd_lower,gamma_rec_hpd_upper,s_rec,s_rec_hpd_lower,s_rec_hpd_upper,tau_rec,tau_rec_hpd_lower,tau_rec_hpd_upper,converged
24,low,high,high,low,3.3e-05,0.8000000000000004,0.0123,0.21500000000000002,5.80768421111844e-05,4.3075977534552026e-05,7.297845809508092e-05,0.8024432542529428,0.5376842122645193,0.9998235469274199,0.011884352385179417,0.011168973645795359,0.012591371861994197,0.1698477318425664,0.024352574769773754,0.2933926434252844,True
