index,v_level,gamma_level,s_level,tau_level,v_gen,gamma_gen,s_gen,tau_gen,v_rec,v_rec_hpd_lower,v_rec_hpd_upper,gamma_rec,gamma_rec_hpd_lower,gamma_rec_hpd_upper,s_rec,s_rec_hpd_lower,s_rec_hpd_upper,tau_rec,tau_rec_hpd_lower,tau_rec_hpd_upper,converged
62,high,low,high,high,0.00013699999999999997,-0.8,0.0123,1.135,0.00012657943175823456,0.00011152548951464797,0.0001430169356365139,-0.6393489403458389,-0.7100488501243643,-0.570796824507438,0.01250911404513208,0.01163184276321067,0.013375855619623032,1.2201530895346158,1.0029027440532574,1.4507043749412398,True
