index,v_level,gamma_level,s_level,tau_level,v_gen,gamma_gen,s_gen,tau_gen,v_rec,v_rec_hpd_lower,v_rec_hpd_upper,gamma_rec,gamma_rec_hpd_lower,gamma_rec_hpd_upper,s_rec,s_rec_hpd_lower,s_rec_hpd_upper,tau_rec,tau_rec_hpd_lower,tau_rec_hpd_upper,converged
46,medium,high,low,medium,8.249999999999999e-05,0.8000000000000004,0.0047,0.6749999999999999,0.00010720147382847902,6.879854999621433e-05,0.0001506867431329085,0.6685417708534612,0.4495977881019657,0.8346894250327803,0.004608876516240498,0.003868282936855879,0.005753149802325048,0.8525234645725912,0.5221591057777392,1.377436252525871,False
