index,v_level,gamma_level,s_level,tau_level,v_gen,gamma_gen,s_gen,tau_gen,v_rec,v_rec_hpd_lower,v_rec_hpd_upper,gamma_rec,gamma_rec_hpd_lower,gamma_rec_hpd_upper,s_rec,s_rec_hpd_lower,s_rec_hpd_upper,tau_rec,tau_rec_hpd_lower,tau_rec_hpd_upper,converged
7,low,low,high,medium,2.85e-05,-0.8,0.0103,0.6749999999999999,3.850821114599199e-05,2.9130636922465324e-05,4.866153813324558e-05,-0.6879348781179923,-0.7840211995437749,-0.5853064506929955,0.009683570942026485,0.009097902231927522,0.010232025074965803,0.6311333702030414,0.5131305390490835,0.8203473594739763,False
