index,v_level,gamma_level,s_level,tau_level,v_gen,gamma_gen,s_gen,tau_gen,v_rec,v_rec_hpd_lower,v_rec_hpd_upper,gamma_rec,gamma_rec_hpd_lower,gamma_rec_hpd_upper,s_rec,s_rec_hpd_lower,s_rec_hpd_upper,tau_rec,tau_rec_hpd_lower,tau_rec_hpd_upper,converged
41,medium,medium,medium,high,8.499999999999999e-05,5.551115123125783e-17,0.0095,1.135,9.72492362370763e-05,8.306084189485442e-05,0.0001122860207124051,0.0001629283727947687,-0.13454707350535067,0.13898248412192693,0.009174771601634572,0.008593517041003043,0.009828333932343067,1.0477695598491563,0.8825338657633239,1.2209765666578205,True
