index,v_level,gamma_level,s_level,tau_level,v_gen,gamma_gen,s_gen,tau_gen,v_rec,v_rec_hpd_lower,v_rec_hpd_upper,gamma_rec,gamma_rec_hpd_lower,gamma_rec_hpd_upper,s_rec,s_rec_hpd_lower,s_rec_hpd_upper,tau_rec,tau_rec_hpd_lower,tau_rec_hpd_upper,converged
48,medium,high,medium,low,8.249999999999999e-05,0.8000000000000004,0.0075,0.21500000000000002,7.406238509442045e-05,4.980775063920748e-05,9.718118635311827e-05,0.778173862453888,0.6831206086932189,0.8612294045491315,0.0074152606168668,0.00670361630452577,0.00818194898532817,0.2729610930154002,0.1971525811098657,0.34453332038302686,False
