index,v_level,gamma_level,s_level,tau_level,v_gen,gamma_gen,s_gen,tau_gen,v_rec,v_rec_hpd_lower,v_rec_hpd_upper,gamma_rec,gamma_rec_hpd_lower,gamma_rec_hpd_upper,s_rec,s_rec_hpd_lower,s_rec_hpd_upper,tau_rec,tau_rec_hpd_lower,tau_rec_hpd_upper,converged
40,medium,medium,medium,medium,8.249999999999999e-05,5.551115123125783e-17,0.0075,0.6749999999999999,0.00010621418367303877,6.943059814422061e-05,0.00015526007943840282,-0.03548598102587417,-0.1444565894212937,0.09542866008769835,0.0067505127912901135,0.006210772215266795,0.007368368474222708,0.6770208663536303,0.5372514066799551,0.8135231498200425,False
