index,v_level,gamma_level,s_level,tau_level,v_gen,gamma_gen,s_gen,tau_gen,v_rec,v_rec_hpd_lower,v_rec_hpd_upper,gamma_rec,gamma_rec_hpd_lower,gamma_rec_hpd_upper,s_rec,s_rec_hpd_lower,s_rec_hpd_upper,tau_rec,tau_rec_hpd_lower,tau_rec_hpd_upper,converged
69,high,medium,high,low,0.00013699999999999997,5.551115123125783e-17,0.0123,0.21500000000000002,0.00011830786566530005,9.810692829319688e-05,0.00013583257921455545,0.005998184912523505,-0.22784038781655092,0.2528023855302095,0.011897966431943595,0.011307076172054018,0.012474085421775206,0.22390054257161424,0.07834792629392823,0.3627661624806283,True
