index,v_level,gamma_level,s_level,tau_level,v_gen,gamma_gen,s_gen,tau_gen,v_rec,v_rec_hpd_lower,v_rec_hpd_upper,gamma_rec,gamma_rec_hpd_lower,gamma_rec_hpd_upper,s_rec,s_rec_hpd_lower,s_rec_hpd_upper,tau_rec,tau_rec_hpd_lower,tau_rec_hpd_upper,converged
48,medium,high,medium,low,8.499999999999999e-05,0.8000000000000004,0.0095,0.21500000000000002,8.346397999267842e-05,6.446040850845695e-05,0.00010205194432075324,0.8214549365513518,0.6895915196909002,0.970345768462213,0.00924847156107972,0.008712829103495606,0.0097444811285084,0.254884911693498,0.17965704897371015,0.33163633172610035,True
