index,v_level,gamma_level,s_level,tau_level,v_gen,gamma_gen,s_gen,tau_gen,v_rec,v_rec_hpd_lower,v_rec_hpd_upper,gamma_rec,gamma_rec_hpd_lower,gamma_rec_hpd_upper,s_rec,s_rec_hpd_lower,s_rec_hpd_upper,tau_rec,tau_rec_hpd_lower,tau_rec_hpd_upper,converged
71,high,medium,high,high,0.0001365,5.551115123125783e-17,0.0103,1.135,0.00011623011268255825,0.00010214003897983857,0.00013184109245173317,0.011039866241349937,-0.10686502211879156,0.1299894618696309,0.010078333801252903,0.009711080560525682,0.010417283060054967,1.2375734598597958,1.0560343124871796,1.4402264711113522,False
