index,v_level,gamma_level,s_level,tau_level,v_gen,gamma_gen,s_gen,tau_gen,v_rec,v_rec_hpd_lower,v_rec_hpd_upper,gamma_rec,gamma_rec_hpd_lower,gamma_rec_hpd_upper,s_rec,s_rec_hpd_lower,s_rec_hpd_upper,tau_rec,tau_rec_hpd_lower,tau_rec_hpd_upper,converged
74,high,high,low,high,0.0001365,0.8000000000000004,0.0047,1.135,0.00011656341803145585,9.501350896342577e-05,0.00013694504343886115,0.7720569374349133,0.6535809287505374,0.8838823082465737,0.004691976877847403,0.004286394967476327,0.005071921978787832,1.1418799856511335,0.9703637855682162,1.3415191337904742,False
