index,v_level,gamma_level,s_level,tau_level,v_gen,gamma_gen,s_gen,tau_gen,v_rec,v_rec_hpd_lower,v_rec_hpd_upper,gamma_rec,gamma_rec_hpd_lower,gamma_rec_hpd_upper,s_rec,s_rec_hpd_lower,s_rec_hpd_upper,tau_rec,tau_rec_hpd_lower,tau_rec_hpd_upper,converged
21,low,high,medium,low,2.85e-05,0.8000000000000004,0.0075,0.21500000000000002,5.399454843525685e-05,3.383696399145904e-05,7.469306000059607e-05,0.6301436356926751,0.4606736613215152,0.7856669002405279,0.007123529049683309,0.006517827744858504,0.007736805949509571,0.22236360673813593,0.15995344074154194,0.28392130660028175,False
