index,v_level,gamma_level,s_level,tau_level,v_gen,gamma_gen,s_gen,tau_gen,v_rec,v_rec_hpd_lower,v_rec_hpd_upper,gamma_rec,gamma_rec_hpd_lower,gamma_rec_hpd_upper,s_rec,s_rec_hpd_lower,s_rec_hpd_upper,tau_rec,tau_rec_hpd_lower,tau_rec_hpd_upper,converged
9,low,medium,low,low,2.85e-05,5.551115123125783e-17,0.0047,0.21500000000000002,5.406067724132405e-05,3.3502440202330986e-05,7.267536048996978e-05,-0.06248368991205232,-0.22890777253647154,0.10576075234030924,0.00455688513986443,0.0041278432887919955,0.005064691315952567,0.2450150528316236,0.17974697049301322,0.31191950038462485,False
