index,v_level,gamma_level,s_level,tau_level,v_gen,gamma_gen,s_gen,tau_gen,v_rec,v_rec_hpd_lower,v_rec_hpd_upper,gamma_rec,gamma_rec_hpd_lower,gamma_rec_hpd_upper,s_rec,s_rec_hpd_lower,s_rec_hpd_upper,tau_rec,tau_rec_hpd_lower,tau_rec_hpd_upper,converged
64,high,medium,low,medium,0.00013699999999999997,5.551115123125783e-17,0.0067,0.6749999999999999,0.00013117857238324475,0.00011273193128899232,0.00015105132837865866,-0.01679261678713169,-0.14032540963884976,0.12951157463951368,0.00668139611439305,0.0061380250291944915,0.007297327988426994,0.6801143449651819,0.5437252148950228,0.8224384973080183,True
