index,v_level,gamma_level,s_level,tau_level,v_gen,gamma_gen,s_gen,tau_gen,v_rec,v_rec_hpd_lower,v_rec_hpd_upper,gamma_rec,gamma_rec_hpd_lower,gamma_rec_hpd_upper,s_rec,s_rec_hpd_lower,s_rec_hpd_upper,tau_rec,tau_rec_hpd_lower,tau_rec_hpd_upper,converged
68,high,medium,medium,high,0.00013699999999999997,5.551115123125783e-17,0.0095,1.135,0.00012473740699182198,0.00010630403937042886,0.00014047563614625035,0.011427649682646956,-0.11224242287026343,0.13451515183765927,0.009451429891764734,0.008822339412267295,0.010136739773949743,1.1182462597864,0.9430561427263815,1.3107939860084337,True
