index,v_level,gamma_level,s_level,tau_level,v_gen,gamma_gen,s_gen,tau_gen,v_rec,v_rec_hpd_lower,v_rec_hpd_upper,gamma_rec,gamma_rec_hpd_lower,gamma_rec_hpd_upper,s_rec,s_rec_hpd_lower,s_rec_hpd_upper,tau_rec,tau_rec_hpd_lower,tau_rec_hpd_upper,converged
44,medium,medium,high,high,8.249999999999999e-05,5.551115123125783e-17,0.0103,1.135,0.00010160787521254204,7.878640873744468e-05,0.00012416846021549353,-0.017554043433496067,-0.19062645546014045,0.1661564602055654,0.010029463590730028,0.009598216124120105,0.010488479889173721,1.284017261275829,1.1002395736867228,1.4613112396083803,False
