index,v_level,gamma_level,s_level,tau_level,v_gen,gamma_gen,s_gen,tau_gen,v_rec,v_rec_hpd_lower,v_rec_hpd_upper,gamma_rec,gamma_rec_hpd_lower,gamma_rec_hpd_upper,s_rec,s_rec_hpd_lower,s_rec_hpd_upper,tau_rec,tau_rec_hpd_lower,tau_rec_hpd_upper,converged
62,high,low,high,high,0.0001365,-0.8,0.0103,1.135,0.00013740396023050568,0.00012336021579640195,0.00015216910206532065,-0.6334352482114437,-0.7273808637002688,-0.5351029301318383,0.01059293920732261,0.010111643809499632,0.011081177818831821,1.0614472227444827,0.9109577262175645,1.2090587813977005,False
