index,v_level,gamma_level,s_level,tau_level,v_gen,gamma_gen,s_gen,tau_gen,v_rec,v_rec_hpd_lower,v_rec_hpd_upper,gamma_rec,gamma_rec_hpd_lower,gamma_rec_hpd_upper,s_rec,s_rec_hpd_lower,s_rec_hpd_upper,tau_rec,tau_rec_hpd_lower,tau_rec_hpd_upper,converged
66,high,medium,medium,low,0.0001365,5.551115123125783e-17,0.0075,0.21500000000000002,0.0001145206116840086,9.608611737898503e-05,0.00013407321223575408,0.10130276898887912,-0.062326242615254324,0.2691366446107226,0.007430289448142231,0.006719608597226296,0.008125858516725525,0.2791367135271617,0.20590234663104084,0.3487205527437121,False
