index,v_level,gamma_level,s_level,tau_level,v_gen,gamma_gen,s_gen,tau_gen,v_rec,v_rec_hpd_lower,v_rec_hpd_upper,gamma_rec,gamma_rec_hpd_lower,gamma_rec_hpd_upper,s_rec,s_rec_hpd_lower,s_rec_hpd_upper,tau_rec,tau_rec_hpd_lower,tau_rec_hpd_upper,converged
43,medium,medium,high,medium,8.249999999999999e-05,5.551115123125783e-17,0.0103,0.6749999999999999,9.132643016117445e-05,7.001900384284332e-05,0.00011183905884581553,-0.09216253721311798,-0.2348693785942333,0.04759395603110406,0.009489348055686362,0.009041455604233688,0.009899281329625038,0.5797186135047824,0.44791708628046245,0.7087539940728622,False
