index,v_level,gamma_level,s_level,tau_level,v_gen,gamma_gen,s_gen,tau_gen,v_rec,v_rec_hpd_lower,v_rec_hpd_upper,gamma_rec,gamma_rec_hpd_lower,gamma_rec_hpd_upper,s_rec,s_rec_hpd_lower,s_rec_hpd_upper,tau_rec,tau_rec_hpd_lower,tau_rec_hpd_upper,converged
13,low,medium,medium,medium,3.3e-05,5.551115123125783e-17,0.0095,0.6749999999999999,4.7368566773816984e-05,3.704877721579655e-05,5.802769512626303e-05,0.008112486125563565,-0.15801168171473812,0.1801524103759462,0.009754218129978842,0.00901829951108736,0.010401913114172417,0.8510507283381361,0.5830129028708896,1.1590802784030665,True
