index,v_level,gamma_level,s_level,tau_level,v_gen,gamma_gen,s_gen,tau_gen,v_rec,v_rec_hpd_lower,v_rec_hpd_upper,gamma_rec,gamma_rec_hpd_lower,gamma_rec_hpd_upper,s_rec,s_rec_hpd_lower,s_rec_hpd_upper,tau_rec,tau_rec_hpd_lower,tau_rec_hpd_upper,converged
49,medium,high,medium,medium,8.499999999999999e-05,0.8000000000000004,0.0095,0.6749999999999999,8.516787777076691e-05,6.717165336944291e-05,0.00010340574716489535,0.8148423274345903,0.6495311767235492,0.992448994540629,0.009370040287360805,0.008745940474163947,0.009998674932017173,0.7619521244469618,0.5635476771292505,0.9854841615422955,True
