index,v_level,gamma_level,s_level,tau_level,v_gen,gamma_gen,s_gen,tau_gen,v_rec,v_rec_hpd_lower,v_rec_hpd_upper,gamma_rec,gamma_rec_hpd_lower,gamma_rec_hpd_upper,s_rec,s_rec_hpd_lower,s_rec_hpd_upper,tau_rec,tau_rec_hpd_lower,tau_rec_hpd_upper,converged
61,high,low,high,medium,0.00013699999999999997,-0.8,0.0123,0.6749999999999999,0.0001233905081395747,0.00010660848690044311,0.00014019781924105878,-0.6472389741552386,-0.7325513505901302,-0.5614009342033217,0.012363538323363022,0.01161290051594734,0.013127725234537022,0.808813916317207,0.6352003057661877,1.0031447798485902,True
