index,v_level,gamma_level,s_level,tau_level,v_gen,gamma_gen,s_gen,tau_gen,v_rec,v_rec_hpd_lower,v_rec_hpd_upper,gamma_rec,gamma_rec_hpd_lower,gamma_rec_hpd_upper,s_rec,s_rec_hpd_lower,s_rec_hpd_upper,tau_rec,tau_rec_hpd_lower,tau_rec_hpd_upper,converged
12,low,medium,medium,low,3.3e-05,5.551115123125783e-17,0.0095,0.21500000000000002,4.9219822392823015e-05,3.7380540937858096e-05,6.0637626473183404e-05,-0.08799975964617188,-0.30588948753756817,0.1220053840067461,0.00973076997049243,0.009005083598358919,0.010434517234296002,0.22188786562334056,0.05408275056547612,0.37870455301497064,True
