index,v_level,gamma_level,s_level,tau_level,v_gen,gamma_gen,s_gen,tau_gen,v_rec,v_rec_hpd_lower,v_rec_hpd_upper,gamma_rec,gamma_rec_hpd_lower,gamma_rec_hpd_upper,s_rec,s_rec_hpd_lower,s_rec_hpd_upper,tau_rec,tau_rec_hpd_lower,tau_rec_hpd_upper,converged
14,low,medium,medium,high,2.85e-05,5.551115123125783e-17,0.0075,1.135,3.764448569979213e-05,2.2599607969926405e-05,5.202724807565453e-05,0.01961626864669652,-0.11728550006767113,0.1602567839654092,0.007196539298011976,0.006561143331481857,0.007778139323799494,1.0734465401664717,0.8554682790632157,1.3608839787501843,False
