index,v_level,gamma_level,s_level,tau_level,v_gen,gamma_gen,s_gen,tau_gen,v_rec,v_rec_hpd_lower,v_rec_hpd_upper,gamma_rec,gamma_rec_hpd_lower,gamma_rec_hpd_upper,s_rec,s_rec_hpd_lower,s_rec_hpd_upper,tau_rec,tau_rec_hpd_lower,tau_rec_hpd_upper,converged
67,high,medium,medium,medium,0.00013699999999999997,5.551115123125783e-17,0.0095,0.6749999999999999,0.00011693378093153313,9.591234983739682e-05,0.0001312216138116369,0.033874156267992984,-0.09800848032861786,0.15956725014702933,0.009458508545459971,0.008754868471823319,0.010195782673263602,0.7219776149448207,0.5615239667413257,0.8912594256844977,True
