index,v_level,gamma_level,s_level,tau_level,v_gen,gamma_gen,s_gen,tau_gen,v_rec,v_rec_hpd_lower,v_rec_hpd_upper,gamma_rec,gamma_rec_hpd_lower,gamma_rec_hpd_upper,s_rec,s_rec_hpd_lower,s_rec_hpd_upper,tau_rec,tau_rec_hpd_lower,tau_rec_hpd_upper,converged
5,low,low,medium,high,3.3e-05,-0.8,0.0095,1.135,5.4427412914555195e-05,4.0180764899856044e-05,6.899774197204763e-05,-0.6455621031951723,-0.7124677638186068,-0.5816340263717326,0.009818762756890205,0.009167246252180131,0.010491903108305405,1.065101459372181,0.8428184632217873,1.3145961482963013,True
