index,v_level,gamma_level,s_level,tau_level,v_gen,gamma_gen,s_gen,tau_gen,v_rec,v_rec_hpd_lower,v_rec_hpd_upper,gamma_rec,gamma_rec_hpd_lower,gamma_rec_hpd_upper,s_rec,s_rec_hpd_lower,s_rec_hpd_upper,tau_rec,tau_rec_hpd_lower,tau_rec_hpd_upper,converged
42,medium,medium,high,low,8.249999999999999e-05,5.551115123125783e-17,0.0103,0.21500000000000002,9.421631598993652e-05,7.544124091657499e-05,0.00011288885476042625,-0.03231760987381305,-0.28980070024123783,0.21536319199587473,0.010576513727323223,0.009994338176912037,0.01109183434732745,0.20689473901180044,0.1409216292671735,0.282204322307797,False
