index,v_level,gamma_level,s_level,tau_level,v_gen,gamma_gen,s_gen,tau_gen,v_rec,v_rec_hpd_lower,v_rec_hpd_upper,gamma_rec,gamma_rec_hpd_lower,gamma_rec_hpd_upper,s_rec,s_rec_hpd_lower,s_rec_hpd_upper,tau_rec,tau_rec_hpd_lower,tau_rec_hpd_upper,converged
70,high,medium,high,medium,0.0001365,5.551115123125783e-17,0.0103,0.6749999999999999,0.00013717699369738835,0.00012868475514503933,0.0001454462616467083,0.17980875674418156,0.05124963722936382,0.3119821428031182,0.01004711307940737,0.00937563895063285,0.010753339256084857,0.5742561754144317,0.46868779215700956,0.705699407955586,False
