index,v_level,gamma_level,s_level,tau_level,v_gen,gamma_gen,s_gen,tau_gen,v_rec,v_rec_hpd_lower,v_rec_hpd_upper,gamma_rec,gamma_rec_hpd_lower,gamma_rec_hpd_upper,s_rec,s_rec_hpd_lower,s_rec_hpd_upper,tau_rec,tau_rec_hpd_lower,tau_rec_hpd_upper,converged
27,medium,low,low,low,8.499999999999999e-05,-0.8,0.0067,0.21500000000000002,0.00011009248796820948,9.385819419395965e-05,0.00012583045992915266,-0.7336668472925886,-0.8607151159561006,-0.6147121500670654,0.006456597558554547,0.005927742188262281,0.007028246208025078,0.23195529402655976,0.13447530821050388,0.3210375975835658,True
