index,v_level,gamma_level,s_level,tau_level,v_gen,gamma_gen,s_gen,tau_gen,v_rec,v_rec_hpd_lower,v_rec_hpd_upper,gamma_rec,gamma_rec_hpd_lower,gamma_rec_hpd_upper,s_rec,s_rec_hpd_lower,s_rec_hpd_upper,tau_rec,tau_rec_hpd_lower,tau_rec_hpd_upper,converged
22,low,high,medium,medium,2.85e-05,0.8000000000000004,0.0075,0.6749999999999999,6.562287386876133e-05,3.15205792880283e-05,0.00011592379288428696,0.6749329195992173,0.4554069513775927,0.8437163040059985,0.007712302856484044,0.0068620898922453506,0.00876305519098894,0.7244073172834192,0.42152006849286383,1.3070379978810298,False
