index,v_level,gamma_level,s_level,tau_level,v_gen,gamma_gen,s_gen,tau_gen,v_rec,v_rec_hpd_lower,v_rec_hpd_upper,gamma_rec,gamma_rec_hpd_lower,gamma_rec_hpd_upper,s_rec,s_rec_hpd_lower,s_rec_hpd_upper,tau_rec,tau_rec_hpd_lower,tau_rec_hpd_upper,converged
75,high,high,medium,low,0.0001365,0.8000000000000004,0.0075,0.21500000000000002,0.00014010444404923868,0.00012436250934227223,0.00015483336137772595,0.7603399615918546,0.6446245524097611,0.8593481858900944,0.006635665764732526,0.006186620116091074,0.007152762768527979,0.25653517414126653,0.1808146405172041,0.3253847671966293,False
