index,v_level,gamma_level,s_level,tau_level,v_gen,gamma_gen,s_gen,tau_gen,v_rec,v_rec_hpd_lower,v_rec_hpd_upper,gamma_rec,gamma_rec_hpd_lower,gamma_rec_hpd_upper,s_rec,s_rec_hpd_lower,s_rec_hpd_upper,tau_rec,tau_rec_hpd_lower,tau_rec_hpd_upper,converged
67,high,medium,medium,medium,0.0001365,5.551115123125783e-17,0.0075,0.6749999999999999,0.00012332312509690232,0.00010987163378527196,0.00013901342112517394,-0.10309719038961278,-0.2520955067516677,0.04220841688991106,0.00738690289582853,0.006820075526493095,0.00795426805654324,0.8138859907817148,0.6538310000962881,0.9932185128895878,False
