index,v_level,gamma_level,s_level,tau_level,v_gen,gamma_gen,s_gen,tau_gen,v_rec,v_rec_hpd_lower,v_rec_hpd_upper,gamma_rec,gamma_rec_hpd_lower,gamma_rec_hpd_upper,s_rec,s_rec_hpd_lower,s_rec_hpd_upper,tau_rec,tau_rec_hpd_lower,tau_rec_hpd_upper,converged
31,medium,low,medium,medium,8.249999999999999e-05,-0.8,0.0075,0.6749999999999999,9.624847045719473e-05,7.441810763024478e-05,0.00011592501441026165,-0.7087694504057163,-0.7906447082908582,-0.6231936328574971,0.007214310775145211,0.006705757921090704,0.007789928584877365,0.6583287166642009,0.5117379510212796,0.8003312947444037,False
