index,v_level,gamma_level,s_level,tau_level,v_gen,gamma_gen,s_gen,tau_gen,v_rec,v_rec_hpd_lower,v_rec_hpd_upper,gamma_rec,gamma_rec_hpd_lower,gamma_rec_hpd_upper,s_rec,s_rec_hpd_lower,s_rec_hpd_upper,tau_rec,tau_rec_hpd_lower,tau_rec_hpd_upper,converged
18,low,high,low,low,2.85e-05,0.8000000000000004,0.0047,0.21500000000000002,3.916139565534605e-05,2.3719093724068716e-05,5.3667387176269594e-05,0.6552799206726396,0.5265426117525003,0.7790692053806585,0.004401432205855924,0.004102625023833475,0.004705997462051273,0.2474905819636002,0.16869688017887496,0.3262697275654424,False
