index,v_level,gamma_level,s_level,tau_level,v_gen,gamma_gen,s_gen,tau_gen,v_rec,v_rec_hpd_lower,v_rec_hpd_upper,gamma_rec,gamma_rec_hpd_lower,gamma_rec_hpd_upper,s_rec,s_rec_hpd_lower,s_rec_hpd_upper,tau_rec,tau_rec_hpd_lower,tau_rec_hpd_upper,converged
12,low,medium,medium,low,2.85e-05,5.551115123125783e-17,0.0075,0.21500000000000002,5.290933568286747e-05,1.730181558991306e-05,0.0001024117124942519,-0.13742540537904738,-0.3500740469364181,0.08075899893413263,0.0067185303257681385,0.006091799482216701,0.00740101710638152,0.3814689028478487,0.10907818997227099,0.9111827426901182,False
