index,v_level,gamma_level,s_level,tau_level,v_gen,gamma_gen,s_gen,tau_gen,v_rec,v_rec_hpd_lower,v_rec_hpd_upper,gamma_rec,gamma_rec_hpd_lower,gamma_rec_hpd_upper,s_rec,s_rec_hpd_lower,s_rec_hpd_upper,tau_rec,tau_rec_hpd_lower,tau_rec_hpd_upper,converged
78,high,high,high,low,0.0001365,0.8000000000000004,0.0103,0.21500000000000002,0.00012432566094523398,9.007785677094306e-05,0.00017167927099319167,0.4989246614320142,0.24637647270865703,0.7255380739605002,0.010187041034454598,0.009620649145818855,0.010801357575575831,0.40312616803956386,0.15104191230108632,0.9295250478611693,False
