index,v_level,gamma_level,s_level,tau_level,v_gen,gamma_gen,s_gen,tau_gen,v_rec,v_rec_hpd_lower,v_rec_hpd_upper,gamma_rec,gamma_rec_hpd_lower,gamma_rec_hpd_upper,s_rec,s_rec_hpd_lower,s_rec_hpd_upper,tau_rec,tau_rec_hpd_lower,tau_rec_hpd_upper,converged
39,medium,medium,medium,low,8.499999999999999e-05,5.551115123125783e-17,0.0095,0.21500000000000002,9.725347626911255e-05,8.326804085591275e-05,0.00011189831057343148,0.017917981035815142,-0.21655431334845865,0.25481318150638366,0.009201663702244355,0.008446980596649353,0.010008058749272599,0.1966152239079081,0.0799710206304178,0.32357235709543714,False
