index,v_level,gamma_level,s_level,tau_level,v_gen,gamma_gen,s_gen,tau_gen,v_rec,v_rec_hpd_lower,v_rec_hpd_upper,gamma_rec,gamma_rec_hpd_lower,gamma_rec_hpd_upper,s_rec,s_rec_hpd_lower,s_rec_hpd_upper,tau_rec,tau_rec_hpd_lower,tau_rec_hpd_upper,converged
11,low,medium,low,high,3.3e-05,5.551115123125783e-17,0.0067,1.135,4.5316015601213665e-05,3.561552035468164e-05,5.369295828525271e-05,0.04066156643189331,-0.09253126930407518,0.18538231410680872,0.007019432934555982,0.006512944575097572,0.007575681972577702,1.286544298009055,1.071046142321102,1.5003218580085074,True
