index,v_level,gamma_level,s_level,tau_level,v_gen,gamma_gen,s_gen,tau_gen,v_rec,v_rec_hpd_lower,v_rec_hpd_upper,gamma_rec,gamma_rec_hpd_lower,gamma_rec_hpd_upper,s_rec,s_rec_hpd_lower,s_rec_hpd_upper,tau_rec,tau_rec_hpd_lower,tau_rec_hpd_upper,converged
20,low,high,low,high,3.3e-05,0.8000000000000004,0.0067,1.135,4.1440695276259746e-05,2.7312166888951503e-05,5.312008390032315e-05,0.8130189556892696,0.6883103036706029,0.9560417868667201,0.006966984350597163,0.006484193459596301,0.007474527380945612,1.4575290659442555,1.0719195793612695,1.8841854468299273,True
