index,v_level,gamma_level,s_level,tau_level,v_gen,gamma_gen,s_gen,tau_gen,v_rec,v_rec_hpd_lower,v_rec_hpd_upper,gamma_rec,gamma_rec_hpd_lower,gamma_rec_hpd_upper,s_rec,s_rec_hpd_lower,s_rec_hpd_upper,tau_rec,tau_rec_hpd_lower,tau_rec_hpd_upper,converged
44,medium,medium,high,high,8.499999999999999e-05,5.551115123125783e-17,0.0123,1.135,8.751613025285938e-05,6.779363564851679e-05,0.00010488289430820363,-0.01933652886730771,-0.1696422927687138,0.13517653203388136,0.011826265493227616,0.011166712387902683,0.012551351728156168,1.02515720676864,0.838511286618926,1.2140807159940332,True
