index,v_level,gamma_level,s_level,tau_level,v_gen,gamma_gen,s_gen,tau_gen,v_rec,v_rec_hpd_lower,v_rec_hpd_upper,gamma_rec,gamma_rec_hpd_lower,gamma_rec_hpd_upper,s_rec,s_rec_hpd_lower,s_rec_hpd_upper,tau_rec,tau_rec_hpd_lower,tau_rec_hpd_upper,converged
79,high,high,high,medium,0.00013699999999999997,0.8000000000000004,0.0123,0.6749999999999999,0.00012323953451807024,0.00010716241287466637,0.00014132049144865983,0.8937829119627202,0.7649583085357996,0.9999171260866593,0.011753916323182019,0.011090274947327203,0.012403882792177003,0.5600859364373101,0.4368129362897808,0.711584168435382,True
