index,v_level,gamma_level,s_level,tau_level,v_gen,gamma_gen,s_gen,tau_gen,v_rec,v_rec_hpd_lower,v_rec_hpd_upper,gamma_rec,gamma_rec_hpd_lower,gamma_rec_hpd_upper,s_rec,s_rec_hpd_lower,s_rec_hpd_upper,tau_rec,tau_rec_hpd_lower,tau_rec_hpd_upper,converged
13,low,medium,medium,medium,2.85e-05,5.551115123125783e-17,0.0075,0.6749999999999999,3.427815177506059e-05,2.4241916867850753e-05,4.363469883935622e-05,-0.04528164721921659,-0.1795971095667187,0.08426774402371762,0.00712938078105575,0.006601857505622168,0.0076995221557681105,0.6170562329276522,0.49417537419634233,0.7702488843635336,False
