index,v_level,gamma_level,s_level,tau_level,v_gen,gamma_gen,s_gen,tau_gen,v_rec,v_rec_hpd_lower,v_rec_hpd_upper,gamma_rec,gamma_rec_hpd_lower,gamma_rec_hpd_upper,s_rec,s_rec_hpd_lower,s_rec_hpd_upper,tau_rec,tau_rec_hpd_lower,tau_rec_hpd_upper,converged
58,high,low,medium,medium,0.0001365,-0.8,0.0075,0.6749999999999999,0.00014383242267652926,0.00013416195187759258,0.00015345483667994063,-0.5733306530039135,-0.6641643604895151,-0.483393677450617,0.007834288725447669,0.007014910730279333,0.008630980055681305,0.5882545993027452,0.49205261300567954,0.6951116113354396,False
