index,v_level,gamma_level,s_level,tau_level,v_gen,gamma_gen,s_gen,tau_gen,v_rec,v_rec_hpd_lower,v_rec_hpd_upper,gamma_rec,gamma_rec_hpd_lower,gamma_rec_hpd_upper,s_rec,s_rec_hpd_lower,s_rec_hpd_upper,tau_rec,tau_rec_hpd_lower,tau_rec_hpd_upper,converged
25,low,high,high,medium,3.3e-05,0.8000000000000004,0.0123,0.6749999999999999,5.562744652407401e-05,3.973500589694283e-05,6.958639678824395e-05,0.7439213125546456,0.5601737397257551,0.9647655880723818,0.011869475669298012,0.01118759277985668,0.01263323546966863,0.5509194141576974,0.367909260177077,0.7633521292044869,True
