index,v_level,gamma_level,s_level,tau_level,v_gen,gamma_gen,s_gen,tau_gen,v_rec,v_rec_hpd_lower,v_rec_hpd_upper,gamma_rec,gamma_rec_hpd_lower,gamma_rec_hpd_upper,s_rec,s_rec_hpd_lower,s_rec_hpd_upper,tau_rec,tau_rec_hpd_lower,tau_rec_hpd_upper,converged
76,high,high,medium,medium,0.00013699999999999997,0.8000000000000004,0.0095,0.6749999999999999,0.00012001211245090422,9.900254489660693e-05,0.00013702194425531497,0.8965628531362858,0.7709029096701094,0.9999986438002697,0.009312479817898517,0.008608496974813888,0.010076399124881657,0.6186253876281625,0.4758582300775485,0.761369485683685,True
