index,v_level,gamma_level,s_level,tau_level,v_gen,gamma_gen,s_gen,tau_gen,v_rec,v_rec_hpd_lower,v_rec_hpd_upper,gamma_rec,gamma_rec_hpd_lower,gamma_rec_hpd_upper,s_rec,s_rec_hpd_lower,s_rec_hpd_upper,tau_rec,tau_rec_hpd_lower,tau_rec_hpd_upper,converged
36,medium,medium,low,low,8.249999999999999e-05,5.551115123125783e-17,0.0047,0.21500000000000002,8.932548442535157e-05,6.65792946387559e-05,0.00011139539282584149,0.0072731044756479835,-0.1596578037098133,0.1740217845252643,0.005460896596721544,0.004666687707101118,0.006857328014829388,0.19795872522547547,0.13338788606061897,0.2702226514437479,False
