index,v_level,gamma_level,s_level,tau_level,v_gen,gamma_gen,s_gen,tau_gen,v_rec,v_rec_hpd_lower,v_rec_hpd_upper,gamma_rec,gamma_rec_hpd_lower,gamma_rec_hpd_upper,s_rec,s_rec_hpd_lower,s_rec_hpd_upper,tau_rec,tau_rec_hpd_lower,tau_rec_hpd_upper,converged
53,medium,high,high,high,8.499999999999999e-05,0.8000000000000004,0.0123,1.135,8.082684776258184e-05,5.80826805457246e-05,0.00010185277893812326,0.815086036873917,0.6511169747619974,0.9997746114583546,0.01197028212140604,0.011221273591006803,0.012707240198499403,1.315876838343506,0.9540820571004148,1.7291180585607044,True
