index,v_level,gamma_level,s_level,tau_level,v_gen,gamma_gen,s_gen,tau_gen,v_rec,v_rec_hpd_lower,v_rec_hpd_upper,gamma_rec,gamma_rec_hpd_lower,gamma_rec_hpd_upper,s_rec,s_rec_hpd_lower,s_rec_hpd_upper,tau_rec,tau_rec_hpd_lower,tau_rec_hpd_upper,converged
30,medium,low,medium,low,8.249999999999999e-05,-0.8,0.0075,0.21500000000000002,9.514137217451521e-05,7.660730479552533e-05,0.00011632122592840444,-0.6404363955334257,-0.7760516100229257,-0.5014377150678966,0.007979150151864763,0.007429851447306154,0.008577365448957973,0.21974743756312332,0.15153439081864245,0.29499268873845075,False
