index,v_level,gamma_level,s_level,tau_level,v_gen,gamma_gen,s_gen,tau_gen,v_rec,v_rec_hpd_lower,v_rec_hpd_upper,gamma_rec,gamma_rec_hpd_lower,gamma_rec_hpd_upper,s_rec,s_rec_hpd_lower,s_rec_hpd_upper,tau_rec,tau_rec_hpd_lower,tau_rec_hpd_upper,converged
30,medium,low,medium,low,8.499999999999999e-05,-0.8,0.0095,0.21500000000000002,0.00010320005148871101,8.756428895946292e-05,0.00011999476008037886,-0.6951369936695629,-0.8343780874620776,-0.5432637411264292,0.009279481352600072,0.008492971345783543,0.010083706931866547,0.2475825738064007,0.14640085373508616,0.3516122205216534,True
