index,v_level,gamma_level,s_level,tau_level,v_gen,gamma_gen,s_gen,tau_gen,v_rec,v_rec_hpd_lower,v_rec_hpd_upper,gamma_rec,gamma_rec_hpd_lower,gamma_rec_hpd_upper,s_rec,s_rec_hpd_lower,s_rec_hpd_upper,tau_rec,tau_rec_hpd_lower,tau_rec_hpd_upper,converged
74,high,high,low,high,0.00013699999999999997,0.8000000000000004,0.0067,1.135,0.0001176491162536152,0.00010488487878256327,0.00013033551139278118,0.8417892223558251,0.7184819514253249,0.997742178050526,0.006818522144813031,0.006356890540974083,0.00727203539565919,1.0530100143992158,0.8927745583758944,1.218431267215925,True
