index,v_level,gamma_level,s_level,tau_level,v_gen,gamma_gen,s_gen,tau_gen,v_rec,v_rec_hpd_lower,v_rec_hpd_upper,gamma_rec,gamma_rec_hpd_lower,gamma_rec_hpd_upper,s_rec,s_rec_hpd_lower,s_rec_hpd_upper,tau_rec,tau_rec_hpd_lower,tau_rec_hpd_upper,converged
45,medium,high,low,low,8.249999999999999e-05,0.8000000000000004,0.0047,0.21500000000000002,8.077759200824492e-05,6.524799423725906e-05,0.00010016208506933957,0.6439206560907309,0.5130937112291911,0.7785986407215526,0.004579667399242769,0.0041232855861452235,0.005371252989818258,0.20082711268022935,0.13275269710345874,0.2678018406162124,False
