index,v_level,gamma_level,s_level,tau_level,v_gen,gamma_gen,s_gen,tau_gen,v_rec,v_rec_hpd_lower,v_rec_hpd_upper,gamma_rec,gamma_rec_hpd_lower,gamma_rec_hpd_upper,s_rec,s_rec_hpd_lower,s_rec_hpd_upper,tau_rec,tau_rec_hpd_lower,tau_rec_hpd_upper,converged
18,low,high,low,low,3.3e-05,0.8000000000000004,0.0067,0.21500000000000002,4.904068378822757e-05,4.0362069444749665e-05,5.7989175764364336e-05,0.7170228701474011,0.5552517650656839,0.8795684400310204,0.006908809832287811,0.006377948089752184,0.0074966757369622685,0.27817000437629347,0.19486577743873584,0.3686683477711018,True
