index,v_level,gamma_level,s_level,tau_level,v_gen,gamma_gen,s_gen,tau_gen,v_rec,v_rec_hpd_lower,v_rec_hpd_upper,gamma_rec,gamma_rec_hpd_lower,gamma_rec_hpd_upper,s_rec,s_rec_hpd_lower,s_rec_hpd_upper,tau_rec,tau_rec_hpd_lower,tau_rec_hpd_upper,converged
53,medium,high,high,high,8.249999999999999e-05,0.8000000000000004,0.0103,1.135,7.814532753611691e-05,5.6087834647555355e-05,0.00010256235612121815,0.7747930674180178,0.6922797132157703,0.8611355343936871,0.010094479478421906,0.00986072938324752,0.01039046005851495,1.227823007275983,1.0455899992970872,1.4973675799516697,False
