index,v_level,gamma_level,s_level,tau_level,v_gen,gamma_gen,s_gen,tau_gen,v_rec,v_rec_hpd_lower,v_rec_hpd_upper,gamma_rec,gamma_rec_hpd_lower,gamma_rec_hpd_upper,s_rec,s_rec_hpd_lower,s_rec_hpd_upper,tau_rec,tau_rec_hpd_lower,tau_rec_hpd_upper,converged
25,low,high,high,medium,2.85e-05,0.8000000000000004,0.0103,0.6749999999999999,4.697066749599956e-05,3.109635167925923e-05,6.289685212499971e-05,0.6551022328694269,0.5249849800668398,0.7825566748511306,0.009645580654252263,0.009064232767480671,0.010322612396041908,0.5743266407584899,0.3543003542047785,0.8659849386709108,False
