index,v_level,gamma_level,s_level,tau_level,v_gen,gamma_gen,s_gen,tau_gen,v_rec,v_rec_hpd_lower,v_rec_hpd_upper,gamma_rec,gamma_rec_hpd_lower,gamma_rec_hpd_upper,s_rec,s_rec_hpd_lower,s_rec_hpd_upper,tau_rec,tau_rec_hpd_lower,tau_rec_hpd_upper,converged
29,medium,low,low,high,8.499999999999999e-05,-0.8,0.0067,1.135,0.00010933856048224013,9.135013536858053e-05,0.00013304180618413757,-0.657996560509343,-0.728325982201687,-0.5883371833431355,0.007240329260104409,0.006553781354636708,0.007864068659258948,0.9103508849596547,0.764960547725544,1.0698640525323952,False
