index,v_level,gamma_level,s_level,tau_level,v_gen,gamma_gen,s_gen,tau_gen,v_rec,v_rec_hpd_lower,v_rec_hpd_upper,gamma_rec,gamma_rec_hpd_lower,gamma_rec_hpd_upper,s_rec,s_rec_hpd_lower,s_rec_hpd_upper,tau_rec,tau_rec_hpd_lower,tau_rec_hpd_upper,converged
26,low,high,high,high,2.85e-05,0.8000000000000004,0.0103,1.135,5.871880211163585e-05,4.183449900482613e-05,7.82501854648923e-05,0.6813532213598665,0.5758752144659223,0.7886978457382106,0.009760011836258504,0.009307035447615247,0.010215847776146154,1.3679802397703658,1.06419493811379,1.6695854330913131,False
