index,v_level,gamma_level,s_level,tau_level,v_gen,gamma_gen,s_gen,tau_gen,v_rec,v_rec_hpd_lower,v_rec_hpd_upper,gamma_rec,gamma_rec_hpd_lower,gamma_rec_hpd_upper,s_rec,s_rec_hpd_lower,s_rec_hpd_upper,tau_rec,tau_rec_hpd_lower,tau_rec_hpd_upper,converged
76,high,high,medium,medium,0.0001365,0.8000000000000004,0.0075,0.6749999999999999,0.00011694546228727419,9.760092300961756e-05,0.00013674953044742045,0.6886182367533604,0.5837543378613623,0.7870303408629493,0.007422376286101225,0.006776651292973463,0.008062262584106892,0.6780901412643268,0.5285718016238371,0.8428753589953664,False
