index,v_level,gamma_level,s_level,tau_level,v_gen,v_gen_actual,gamma_gen,gamma_gen_actual,s_gen,s_gen_actual,tau_gen,tau_gen_actual,v_rec,v_rec_hpd_lower,v_rec_hpd_upper,gamma_rec,gamma_rec_hpd_lower,gamma_rec_hpd_upper,s_rec,s_rec_hpd_lower,s_rec_hpd_upper,tau_rec,tau_rec_hpd_lower,tau_rec_hpd_upper,converged
62,high,low,high,high,0.000137,0.0001352612867017207,-0.7,-0.736292084546404,0.0123,0.012068996876477469,1.135,1.2021099326945093,0.00014383402476419728,0.0001381676451178423,0.0001500111790926636,-0.6573011641854206,-0.7105360005379477,-0.6029982948014538,0.012417020578659076,0.011874450619938906,0.012996674896676289,1.2515926946858613,1.0408140283541565,1.4655586039466915,True
