index,v_level,gamma_level,s_level,tau_level,v_gen,gamma_gen,s_gen,tau_gen,v_rec,v_rec_hpd_lower,v_rec_hpd_upper,gamma_rec,gamma_rec_hpd_lower,gamma_rec_hpd_upper,s_rec,s_rec_hpd_lower,s_rec_hpd_upper,tau_rec,tau_rec_hpd_lower,tau_rec_hpd_upper,converged
34,medium,low,high,medium,8.249999999999999e-05,-0.8,0.0103,0.6749999999999999,0.00010989133234829984,8.47966891830789e-05,0.0001349086949652184,-0.7279210511088857,-0.7971341191257344,-0.6599794319134478,0.009343970253246871,0.008721288408640464,0.009918302419666961,0.6255416822768433,0.5245760575942341,0.7237411316334554,False
