index,v_level,gamma_level,s_level,tau_level,v_gen,gamma_gen,s_gen,tau_gen,v_rec,v_rec_hpd_lower,v_rec_hpd_upper,gamma_rec,gamma_rec_hpd_lower,gamma_rec_hpd_upper,s_rec,s_rec_hpd_lower,s_rec_hpd_upper,tau_rec,tau_rec_hpd_lower,tau_rec_hpd_upper,converged
41,medium,medium,medium,high,8.249999999999999e-05,5.551115123125783e-17,0.0075,1.135,7.586336651831708e-05,5.375814581229655e-05,9.496736842641333e-05,-0.11951251267021483,-0.3228528390442389,0.07185730774348231,0.007175474874548712,0.006388005784494291,0.007907933786734997,1.039781689110179,0.8678807260041242,1.208619447330907,False
