index,v_level,gamma_level,s_level,tau_level,v_gen,gamma_gen,s_gen,tau_gen,v_rec,v_rec_hpd_lower,v_rec_hpd_upper,gamma_rec,gamma_rec_hpd_lower,gamma_rec_hpd_upper,s_rec,s_rec_hpd_lower,s_rec_hpd_upper,tau_rec,tau_rec_hpd_lower,tau_rec_hpd_upper,converged
71,high,medium,high,high,0.00013699999999999997,5.551115123125783e-17,0.0123,1.135,0.0001222219833354047,0.00010879033424000763,0.00013762357611003286,-0.004167205856911155,-0.12110206630416798,0.1252577113014528,0.012049294376603714,0.011486716561378769,0.01264035960163697,1.2044037397714622,0.9780055570276078,1.4497955458778824,True
