index,v_level,gamma_level,s_level,tau_level,v_gen,gamma_gen,s_gen,tau_gen,v_rec,v_rec_hpd_lower,v_rec_hpd_upper,gamma_rec,gamma_rec_hpd_lower,gamma_rec_hpd_upper,s_rec,s_rec_hpd_lower,s_rec_hpd_upper,tau_rec,tau_rec_hpd_lower,tau_rec_hpd_upper,converged
46,medium,high,low,medium,8.499999999999999e-05,0.8000000000000004,0.0067,0.6749999999999999,8.893490243305345e-05,7.31201372328949e-05,9.90351669526306e-05,0.8080044477182997,0.6543340118231189,0.9862590179327047,0.006729355838032139,0.006164836851817206,0.007299890965478469,0.7301090137038857,0.5718439509253865,0.8895629000030336,True
