index,v_level,gamma_level,s_level,tau_level,v_gen,gamma_gen,s_gen,tau_gen,v_rec,v_rec_hpd_lower,v_rec_hpd_upper,gamma_rec,gamma_rec_hpd_lower,gamma_rec_hpd_upper,s_rec,s_rec_hpd_lower,s_rec_hpd_upper,tau_rec,tau_rec_hpd_lower,tau_rec_hpd_upper,converged
60,high,low,high,low,0.00013699999999999997,-0.8,0.0123,0.21500000000000002,0.0001244356090507685,0.00010500608776548323,0.00014417596294619215,-0.6651127083836121,-0.787107551629509,-0.5412248522633156,0.012155530200014425,0.011450921815920109,0.012852606382890713,0.30803379731160885,0.217761998413606,0.404697059461061,True
