index,v_level,gamma_level,s_level,tau_level,v_gen,gamma_gen,s_gen,tau_gen,v_rec,v_rec_hpd_lower,v_rec_hpd_upper,gamma_rec,gamma_rec_hpd_lower,gamma_rec_hpd_upper,s_rec,s_rec_hpd_lower,s_rec_hpd_upper,tau_rec,tau_rec_hpd_lower,tau_rec_hpd_upper,converged
37,medium,medium,low,medium,8.249999999999999e-05,5.551115123125783e-17,0.0047,0.6749999999999999,8.957042521070547e-05,6.726861947269824e-05,0.00010925224806547879,-0.06268395019917347,-0.19930787732757793,0.07492123135312845,0.004531310661869163,0.004204387830000064,0.004841595134210287,0.579390936451977,0.455962956879844,0.7049456632461968,False
