index,v_level,gamma_level,s_level,tau_level,v_gen,gamma_gen,s_gen,tau_gen,v_rec,v_rec_hpd_lower,v_rec_hpd_upper,gamma_rec,gamma_rec_hpd_lower,gamma_rec_hpd_upper,s_rec,s_rec_hpd_lower,s_rec_hpd_upper,tau_rec,tau_rec_hpd_lower,tau_rec_hpd_upper,converged
15,low,medium,high,low,2.85e-05,5.551115123125783e-17,0.0103,0.21500000000000002,5.6668008564224606e-05,3.512058837831854e-05,7.517533956026593e-05,-0.2040551792315938,-0.4332642743170969,0.007949620851543937,0.009562912650414151,0.008918462351080977,0.010171287797154609,0.20117437028953847,0.13511412098925638,0.26468397926436993,False
