index,v_level,gamma_level,s_level,tau_level,v_gen,gamma_gen,s_gen,tau_gen,v_rec,v_rec_hpd_lower,v_rec_hpd_upper,gamma_rec,gamma_rec_hpd_lower,gamma_rec_hpd_upper,s_rec,s_rec_hpd_lower,s_rec_hpd_upper,tau_rec,tau_rec_hpd_lower,tau_rec_hpd_upper,converged
33,medium,low,high,low,8.499999999999999e-05,-0.8,0.0123,0.21500000000000002,0.00010296738640977677,8.342835297706305e-05,0.00012001553016957607,-0.7053746578130544,-0.8762470336085979,-0.527389123849531,0.012030547130360548,0.01115620142789044,0.012903374828759275,0.24364540774659668,0.14495408542011803,0.34071260511415175,True
