index,v_level,gamma_level,s_level,tau_level,v_gen,gamma_gen,s_gen,tau_gen,v_rec,v_rec_hpd_lower,v_rec_hpd_upper,gamma_rec,gamma_rec_hpd_lower,gamma_rec_hpd_upper,s_rec,s_rec_hpd_lower,s_rec_hpd_upper,tau_rec,tau_rec_hpd_lower,tau_rec_hpd_upper,converged
23,low,high,medium,high,3.3e-05,0.8000000000000004,0.0095,1.135,5.954992935493665e-05,4.8632806029494496e-05,7.05087443046627e-05,0.723761186576617,0.5554864884339477,0.9066673604446862,0.009274797441888244,0.00861567773479102,0.009923395811485661,1.0045707236991954,0.7608596133323241,1.2739719013702224,True
