index,v_level,gamma_level,s_level,tau_level,v_gen,gamma_gen,s_gen,tau_gen,v_rec,v_rec_hpd_lower,v_rec_hpd_upper,gamma_rec,gamma_rec_hpd_lower,gamma_rec_hpd_upper,s_rec,s_rec_hpd_lower,s_rec_hpd_upper,tau_rec,tau_rec_hpd_lower,tau_rec_hpd_upper,converged
1,low,low,low,medium,3.3e-05,-0.8,0.0067,0.6749999999999999,4.864561310235687e-05,3.3824721471424466e-05,6.053529234520129e-05,-0.6547570468625022,-0.7272853228550638,-0.5785895790351425,0.007142363916758754,0.0065207999081235085,0.007733156776791854,0.7606650849092329,0.6392580803822252,0.8813026036671151,True
