index,v_level,gamma_level,s_level,tau_level,v_gen,gamma_gen,s_gen,tau_gen,v_rec,v_rec_hpd_lower,v_rec_hpd_upper,gamma_rec,gamma_rec_hpd_lower,gamma_rec_hpd_upper,s_rec,s_rec_hpd_lower,s_rec_hpd_upper,tau_rec,tau_rec_hpd_lower,tau_rec_hpd_upper,converged
80,high,high,high,high,0.00013699999999999997,0.8000000000000004,0.0123,1.135,0.0001197130071111197,0.00010523472070623616,0.00013510143057176817,0.8766659916786684,0.737446356814786,0.9999992590380469,0.011813497541946003,0.011139646421504062,0.012469977824664007,0.9614418440316158,0.7574066455218369,1.1969940962174375,True
