index,v_level,gamma_level,s_level,tau_level,v_gen,gamma_gen,s_gen,tau_gen,v_rec,v_rec_hpd_lower,v_rec_hpd_upper,gamma_rec,gamma_rec_hpd_lower,gamma_rec_hpd_upper,s_rec,s_rec_hpd_lower,s_rec_hpd_upper,tau_rec,tau_rec_hpd_lower,tau_rec_hpd_upper,converged
52,medium,high,high,medium,8.499999999999999e-05,0.8000000000000004,0.0123,0.6749999999999999,8.793778887295257e-05,6.969889533060533e-05,0.00010433189470907548,0.7943436994765601,0.6594505099781145,0.9577183416980528,0.012087828134906251,0.01151614168709717,0.012678638275486568,0.7309557878957008,0.5234783872815291,0.9588465101041054,True
