index,v_level,gamma_level,s_level,tau_level,v_gen,gamma_gen,s_gen,tau_gen,v_rec,v_rec_hpd_lower,v_rec_hpd_upper,gamma_rec,gamma_rec_hpd_lower,gamma_rec_hpd_upper,s_rec,s_rec_hpd_lower,s_rec_hpd_upper,tau_rec,tau_rec_hpd_lower,tau_rec_hpd_upper,converged
52,medium,high,high,medium,8.249999999999999e-05,0.8000000000000004,0.0103,0.6749999999999999,0.00010071083645910394,8.378576643729355e-05,0.00011833907827588276,0.7942262881750809,0.7032722788666059,0.8675504906021978,0.010153803159038705,0.009553224588785327,0.010774809423073182,0.6004865655175013,0.46956432527055203,0.738933056421355,False
