index,v_level,gamma_level,s_level,tau_level,v_gen,gamma_gen,s_gen,tau_gen,v_rec,v_rec_hpd_lower,v_rec_hpd_upper,gamma_rec,gamma_rec_hpd_lower,gamma_rec_hpd_upper,s_rec,s_rec_hpd_lower,s_rec_hpd_upper,tau_rec,tau_rec_hpd_lower,tau_rec_hpd_upper,converged
15,low,medium,high,low,3.3e-05,5.551115123125783e-17,0.0123,0.21500000000000002,5.23541668149589e-05,3.926895177035078e-05,6.508035600211575e-05,-0.11713595291715012,-0.39043896790906274,0.14089401916242572,0.012274992500708943,0.01155524946111875,0.013022296509702332,0.20858923027368892,0.07374041416069962,0.3371628118620767,True
