index,v_level,gamma_level,s_level,tau_level,v_gen,gamma_gen,s_gen,tau_gen,v_rec,v_rec_hpd_lower,v_rec_hpd_upper,gamma_rec,gamma_rec_hpd_lower,gamma_rec_hpd_upper,s_rec,s_rec_hpd_lower,s_rec_hpd_upper,tau_rec,tau_rec_hpd_lower,tau_rec_hpd_upper,converged
9,low,medium,low,low,3.3e-05,5.551115123125783e-17,0.0067,0.21500000000000002,4.737670907139815e-05,3.802892848093384e-05,5.739040683568064e-05,-0.027286039917966486,-0.18038097016876264,0.13252472420596817,0.00701124802606967,0.006431117584898118,0.007547004049887096,0.2589542626069562,0.16612552803495437,0.3508821222967061,True
