index,v_level,gamma_level,s_level,tau_level,v_gen,gamma_gen,s_gen,tau_gen,v_rec,v_rec_hpd_lower,v_rec_hpd_upper,gamma_rec,gamma_rec_hpd_lower,gamma_rec_hpd_upper,s_rec,s_rec_hpd_lower,s_rec_hpd_upper,tau_rec,tau_rec_hpd_lower,tau_rec_hpd_upper,converged
73,high,high,low,medium,0.00013699999999999997,0.8000000000000004,0.0067,0.6749999999999999,0.0001253652903693521,0.00011290610031336031,0.00013296336694027815,0.8120695993221296,0.5510314795040738,0.9993855758133385,0.006918179599422993,0.0061881576818979345,0.00781787662499024,0.6380485434174575,0.4907981552135434,0.8215454574124837,False
