index,v_level,gamma_level,s_level,tau_level,v_gen,gamma_gen,s_gen,tau_gen,v_rec,v_rec_hpd_lower,v_rec_hpd_upper,gamma_rec,gamma_rec_hpd_lower,gamma_rec_hpd_upper,s_rec,s_rec_hpd_lower,s_rec_hpd_upper,tau_rec,tau_rec_hpd_lower,tau_rec_hpd_upper,converged
54,high,low,low,low,0.00013699999999999997,-0.8,0.0067,0.21500000000000002,0.00011919200135531279,0.00010353708925387626,0.00013655461132333144,-0.6813333770983663,-0.7878897545214212,-0.5676334847303313,0.006644015415527717,0.0059580829372011205,0.007309947040435834,0.28941527465831335,0.2089798695353579,0.36361417643454674,True
