index,v_level,gamma_level,s_level,tau_level,v_gen,gamma_gen,s_gen,tau_gen,v_rec,v_rec_hpd_lower,v_rec_hpd_upper,gamma_rec,gamma_rec_hpd_lower,gamma_rec_hpd_upper,s_rec,s_rec_hpd_lower,s_rec_hpd_upper,tau_rec,tau_rec_hpd_lower,tau_rec_hpd_upper,converged
24,low,high,high,low,2.85e-05,0.8000000000000004,0.0103,0.21500000000000002,4.765253459128604e-05,3.508456713855534e-05,6.238940568865852e-05,0.6867397385244801,0.4883605183477111,0.8813439349078187,0.010621540238889685,0.010139804331201983,0.01112179888936647,0.20057893342899716,0.12094443486423932,0.2828830506804407,False
