index,v_level,gamma_level,s_level,tau_level,v_gen,gamma_gen,s_gen,tau_gen,v_rec,v_rec_hpd_lower,v_rec_hpd_upper,gamma_rec,gamma_rec_hpd_lower,gamma_rec_hpd_upper,s_rec,s_rec_hpd_lower,s_rec_hpd_upper,tau_rec,tau_rec_hpd_lower,tau_rec_hpd_upper,converged
28,medium,low,low,medium,8.249999999999999e-05,-0.8,0.0047,0.6749999999999999,0.00011612249520293336,7.728341868770628e-05,0.00015988174366736592,-0.7273523678909489,-0.8147516690725717,-0.6508425395001349,0.00522647581540331,0.004431322330569458,0.006555165924673738,0.7435969189467523,0.46725825400627413,1.3397918101538495,False
