index,v_level,gamma_level,s_level,tau_level,v_gen,gamma_gen,s_gen,tau_gen,v_rec,v_rec_hpd_lower,v_rec_hpd_upper,gamma_rec,gamma_rec_hpd_lower,gamma_rec_hpd_upper,s_rec,s_rec_hpd_lower,s_rec_hpd_upper,tau_rec,tau_rec_hpd_lower,tau_rec_hpd_upper,converged
49,medium,high,medium,medium,8.249999999999999e-05,0.8000000000000004,0.0075,0.6749999999999999,7.251628740112725e-05,5.620975226579053e-05,8.868177701075722e-05,0.6209455141778486,0.4789626760104395,0.7628627812780666,0.0076404274427208764,0.007073325581601194,0.008274517966711803,0.8573331614303304,0.6399451537364941,1.0488264950778496,False
