index,v_level,gamma_level,s_level,tau_level,v_gen,gamma_gen,s_gen,tau_gen,v_rec,v_rec_hpd_lower,v_rec_hpd_upper,gamma_rec,gamma_rec_hpd_lower,gamma_rec_hpd_upper,s_rec,s_rec_hpd_lower,s_rec_hpd_upper,tau_rec,tau_rec_hpd_lower,tau_rec_hpd_upper,converged
40,medium,medium,medium,medium,8.499999999999999e-05,5.551115123125783e-17,0.0095,0.6749999999999999,0.00010118395497896442,8.38211208336265e-05,0.00011683155500304838,0.0018380743967874146,-0.20861314323873792,0.1737692077746935,0.009194620373894194,0.008589796239718561,0.009822274846746356,0.6568692903340905,0.4912980622297822,0.8446903557347343,True
