index,v_level,gamma_level,s_level,tau_level,v_gen,gamma_gen,s_gen,tau_gen,v_rec,v_rec_hpd_lower,v_rec_hpd_upper,gamma_rec,gamma_rec_hpd_lower,gamma_rec_hpd_upper,s_rec,s_rec_hpd_lower,s_rec_hpd_upper,tau_rec,tau_rec_hpd_lower,tau_rec_hpd_upper,converged
22,low,high,medium,medium,3.3e-05,0.8000000000000004,0.0095,0.6749999999999999,5.749992323763965e-05,4.449246820821218e-05,7.08496124491853e-05,0.7580958016941255,0.5762224077213087,0.9570747876201189,0.00918714422008766,0.008520072336060456,0.009923761747773197,0.5782555551122834,0.43697818641900726,0.7285037617989572,True
