index,v_level,gamma_level,s_level,tau_level,v_gen,gamma_gen,s_gen,tau_gen,v_rec,v_rec_hpd_lower,v_rec_hpd_upper,gamma_rec,gamma_rec_hpd_lower,gamma_rec_hpd_upper,s_rec,s_rec_hpd_lower,s_rec_hpd_upper,tau_rec,tau_rec_hpd_lower,tau_rec_hpd_upper,converged
64,high,medium,low,medium,0.0001365,5.551115123125783e-17,0.0047,0.6749999999999999,0.00013734332640364546,0.00012866128738588779,0.00014500301168904415,0.17812191097183877,0.035674802193406574,0.30838897436540713,0.004878377876046514,0.0044258548467618125,0.005340344079441898,0.561444825878257,0.45067668924710547,0.6778600613856121,False
