index,v_level,gamma_level,s_level,tau_level,v_gen,gamma_gen,s_gen,tau_gen,v_rec,v_rec_hpd_lower,v_rec_hpd_upper,gamma_rec,gamma_rec_hpd_lower,gamma_rec_hpd_upper,s_rec,s_rec_hpd_lower,s_rec_hpd_upper,tau_rec,tau_rec_hpd_lower,tau_rec_hpd_upper,converged
28,medium,low,low,medium,8.499999999999999e-05,-0.8,0.0067,0.6749999999999999,0.00010236201712217024,8.646617973655376e-05,0.00011882433832780306,-0.7005825422306821,-0.791124325577087,-0.6122793890715243,0.006790234062971395,0.006200367633691932,0.007432738739507245,0.6186183645529956,0.4842997004852659,0.7540956710158655,True
