index,v_level,gamma_level,s_level,tau_level,v_gen,gamma_gen,s_gen,tau_gen,v_rec,v_rec_hpd_lower,v_rec_hpd_upper,gamma_rec,gamma_rec_hpd_lower,gamma_rec_hpd_upper,s_rec,s_rec_hpd_lower,s_rec_hpd_upper,tau_rec,tau_rec_hpd_lower,tau_rec_hpd_upper,converged
57,high,low,medium,low,0.0001365,-0.8,0.0075,0.21500000000000002,0.00014246048377405067,0.00012650226066309215,0.00015784030931089056,-0.6955612131758586,-0.7966046584467107,-0.5914288897410552,0.007339219475810703,0.006560031518222757,0.008111036067249921,0.2959508251714315,0.2236549084106296,0.3716857654984119,False
