index,v_level,gamma_level,s_level,tau_level,v_gen,gamma_gen,s_gen,tau_gen,v_rec,v_rec_hpd_lower,v_rec_hpd_upper,gamma_rec,gamma_rec_hpd_lower,gamma_rec_hpd_upper,s_rec,s_rec_hpd_lower,s_rec_hpd_upper,tau_rec,tau_rec_hpd_lower,tau_rec_hpd_upper,converged
50,medium,high,medium,high,8.499999999999999e-05,0.8000000000000004,0.0095,1.135,8.904094557149911e-05,6.836235367045817e-05,0.00010888859365363424,0.8156941025755959,0.6367725760661465,0.99780429231647,0.009285509327116463,0.00853964791953223,0.010020589110782886,1.3035124987313254,1.023517974773258,1.5985975483288193,False
