index,v_level,gamma_level,s_level,tau_level,v_gen,gamma_gen,s_gen,tau_gen,v_rec,v_rec_hpd_lower,v_rec_hpd_upper,gamma_rec,gamma_rec_hpd_lower,gamma_rec_hpd_upper,s_rec,s_rec_hpd_lower,s_rec_hpd_upper,tau_rec,tau_rec_hpd_lower,tau_rec_hpd_upper,converged
45,medium,high,low,low,8.499999999999999e-05,0.8000000000000004,0.0067,0.21500000000000002,8.447198979897062e-05,6.620428087790641e-05,0.00010271951437794083,0.8167218507997542,0.6857958489555998,0.9938420342007213,0.0066095298852439375,0.006162805043976927,0.007097050958708316,0.2604874570075806,0.1848549731175961,0.34769707487775936,True
