index,v_level,gamma_level,s_level,tau_level,v_gen,gamma_gen,s_gen,tau_gen,v_rec,v_rec_hpd_lower,v_rec_hpd_upper,gamma_rec,gamma_rec_hpd_lower,gamma_rec_hpd_upper,s_rec,s_rec_hpd_lower,s_rec_hpd_upper,tau_rec,tau_rec_hpd_lower,tau_rec_hpd_upper,converged
57,high,low,medium,low,0.00013699999999999997,-0.8,0.0095,0.21500000000000002,0.00012461050276137476,0.00010581711346639349,0.0001434103514811825,-0.6776600149075,-0.8144248288585061,-0.5571524610609835,0.009424715617045866,0.008693588566341802,0.010191662307360036,0.29114843634435167,0.20374251199953813,0.3803646571776589,True
