index,v_level,gamma_level,s_level,tau_level,v_gen,gamma_gen,s_gen,tau_gen,v_rec,v_rec_hpd_lower,v_rec_hpd_upper,gamma_rec,gamma_rec_hpd_lower,gamma_rec_hpd_upper,s_rec,s_rec_hpd_lower,s_rec_hpd_upper,tau_rec,tau_rec_hpd_lower,tau_rec_hpd_upper,converged
39,medium,medium,medium,low,8.249999999999999e-05,5.551115123125783e-17,0.0075,0.21500000000000002,8.272789859698755e-05,6.652708844959466e-05,9.963488917043618e-05,-0.09000048980086117,-0.23431444452764083,0.07987431981574211,0.006928830416219597,0.006353382137666394,0.00750018779551951,0.1966111520837376,0.12991589897412875,0.2662762986713304,False
