index,v_level,gamma_level,s_level,tau_level,v_gen,gamma_gen,s_gen,tau_gen,v_rec,v_rec_hpd_lower,v_rec_hpd_upper,gamma_rec,gamma_rec_hpd_lower,gamma_rec_hpd_upper,s_rec,s_rec_hpd_lower,s_rec_hpd_upper,tau_rec,tau_rec_hpd_lower,tau_rec_hpd_upper,converged
34,medium,low,high,medium,8.499999999999999e-05,-0.8,0.0123,0.6749999999999999,0.00010409681034509581,8.722282583291833e-05,0.00012435744362014123,-0.6900517021568324,-0.7970697817770436,-0.5904167938067335,0.011927935465261242,0.011192622328165583,0.012743546060778215,0.6699215309639162,0.5076597069693102,0.86953315281108,True
