index,v_level,gamma_level,s_level,tau_level,v_gen,gamma_gen,s_gen,tau_gen,v_rec,v_rec_hpd_lower,v_rec_hpd_upper,gamma_rec,gamma_rec_hpd_lower,gamma_rec_hpd_upper,s_rec,s_rec_hpd_lower,s_rec_hpd_upper,tau_rec,tau_rec_hpd_lower,tau_rec_hpd_upper,converged
58,high,low,medium,medium,0.00013699999999999997,-0.8,0.0095,0.6749999999999999,0.00012784154031111398,0.0001123665455476354,0.0001479186300834451,-0.6695791386306886,-0.7575046201140427,-0.5748779520602341,0.00972735332141136,0.008872932080063123,0.010587830768126118,0.7591806361381418,0.6172905742054913,0.9061716730848858,True
