index,v_level,gamma_level,s_level,tau_level,v_gen,gamma_gen,s_gen,tau_gen,v_rec,v_rec_hpd_lower,v_rec_hpd_upper,gamma_rec,gamma_rec_hpd_lower,gamma_rec_hpd_upper,s_rec,s_rec_hpd_lower,s_rec_hpd_upper,tau_rec,tau_rec_hpd_lower,tau_rec_hpd_upper,converged
10,low,medium,low,medium,2.85e-05,5.551115123125783e-17,0.0047,0.6749999999999999,6.616464629530987e-05,3.500719451328682e-05,0.00011903866688067994,-0.016007128637808853,-0.2456809089446783,0.16836894025924365,0.005440608865902071,0.004493781567761901,0.007014024983779322,0.8955292031411295,0.4817828278425254,1.7142982678094845,False
