index,v_level,gamma_level,s_level,tau_level,v_gen,gamma_gen,s_gen,tau_gen,v_rec,v_rec_hpd_lower,v_rec_hpd_upper,gamma_rec,gamma_rec_hpd_lower,gamma_rec_hpd_upper,s_rec,s_rec_hpd_lower,s_rec_hpd_upper,tau_rec,tau_rec_hpd_lower,tau_rec_hpd_upper,converged
65,high,medium,low,high,0.00013699999999999997,5.551115123125783e-17,0.0067,1.135,0.00011841916932632235,0.0001042521510216942,0.00013162756722249577,-0.022453291862241258,-0.19162998470486947,0.09070169363787173,0.006779158041441305,0.006091501002154176,0.007420405653460296,1.103120454973919,0.9143148226699249,1.3127500535556147,True
