index,v_level,gamma_level,s_level,tau_level,v_gen,gamma_gen,s_gen,tau_gen,v_rec,v_rec_hpd_lower,v_rec_hpd_upper,gamma_rec,gamma_rec_hpd_lower,gamma_rec_hpd_upper,s_rec,s_rec_hpd_lower,s_rec_hpd_upper,tau_rec,tau_rec_hpd_lower,tau_rec_hpd_upper,converged
19,low,high,low,medium,2.85e-05,0.8000000000000004,0.0047,0.6749999999999999,4.9835182292349076e-05,1.930750901371517e-05,0.00010575806111049461,0.7469490019117088,0.6694687794153342,0.8088305939634821,0.0045105951232988235,0.00399163640030884,0.004957225623589917,0.5760125842823025,0.43316353812303915,0.7373658031980419,False
