index,v_level,gamma_level,s_level,tau_level,v_gen,gamma_gen,s_gen,tau_gen,v_rec,v_rec_hpd_lower,v_rec_hpd_upper,gamma_rec,gamma_rec_hpd_lower,gamma_rec_hpd_upper,s_rec,s_rec_hpd_lower,s_rec_hpd_upper,tau_rec,tau_rec_hpd_lower,tau_rec_hpd_upper,converged
72,high,high,low,low,0.00013699999999999997,0.8000000000000004,0.0067,0.21500000000000002,0.00012131226900099015,0.00010724617358191308,0.00013463017999690557,0.8895322869704915,0.7601909815845804,0.9999861144406612,0.006519121800852682,0.0060426323380559106,0.006992652604363466,0.24416049878795143,0.16371996063156896,0.31458102644234937,False
