index,v_level,gamma_level,s_level,tau_level,v_gen,gamma_gen,s_gen,tau_gen,v_rec,v_rec_hpd_lower,v_rec_hpd_upper,gamma_rec,gamma_rec_hpd_lower,gamma_rec_hpd_upper,s_rec,s_rec_hpd_lower,s_rec_hpd_upper,tau_rec,tau_rec_hpd_lower,tau_rec_hpd_upper,converged
77,high,high,medium,high,0.00013699999999999997,0.8000000000000004,0.0095,1.135,0.00012247167699954545,0.00011031773644182357,0.00013565234943730255,0.8786148660002527,0.7343319543373603,0.9999979925353113,0.009355916016551427,0.008604780796181022,0.010089584830104945,0.9467062893728307,0.7699260731496695,1.124490801469828,True
