index,v_level,gamma_level,s_level,tau_level,v_gen,gamma_gen,s_gen,tau_gen,v_rec,v_rec_hpd_lower,v_rec_hpd_upper,gamma_rec,gamma_rec_hpd_lower,gamma_rec_hpd_upper,s_rec,s_rec_hpd_lower,s_rec_hpd_upper,tau_rec,tau_rec_hpd_lower,tau_rec_hpd_upper,converged
33,medium,low,high,low,8.249999999999999e-05,-0.8,0.0103,0.21500000000000002,8.499576557888307e-05,6.735728458445394e-05,0.00010142238601528062,-0.654441769055134,-0.7843822830476939,-0.529343879303765,0.009865144957918655,0.009329039606757697,0.010402742780193774,0.23694445864896985,0.1494738062809129,0.32358147494731015,False
