index,v_level,gamma_level,s_level,tau_level,v_gen,gamma_gen,s_gen,tau_gen,v_rec,v_rec_hpd_lower,v_rec_hpd_upper,gamma_rec,gamma_rec_hpd_lower,gamma_rec_hpd_upper,s_rec,s_rec_hpd_lower,s_rec_hpd_upper,tau_rec,tau_rec_hpd_lower,tau_rec_hpd_upper,converged
31,medium,low,medium,medium,8.499999999999999e-05,-0.8,0.0095,0.6749999999999999,0.0001071767344256003,8.581967722457527e-05,0.00013516504301266038,-0.7018017598980612,-0.8083017256969764,-0.5956557373191682,0.009247624098187638,0.00854336925638975,0.010000164811394001,0.648658223341681,0.5114700064536796,0.7965007315737018,False
