index,v_level,gamma_level,s_level,tau_level,v_gen,gamma_gen,s_gen,tau_gen,v_rec,v_rec_hpd_lower,v_rec_hpd_upper,gamma_rec,gamma_rec_hpd_lower,gamma_rec_hpd_upper,s_rec,s_rec_hpd_lower,s_rec_hpd_upper,tau_rec,tau_rec_hpd_lower,tau_rec_hpd_upper,converged
66,high,medium,medium,low,0.00013699999999999997,5.551115123125783e-17,0.0095,0.21500000000000002,0.00012424742311389423,0.00010867090485898345,0.00014419488701482742,0.03639650303356663,-0.12073855555669688,0.22642691918900582,0.00927701576472257,0.00846783219848959,0.010045865160194034,0.225505053524948,0.08793415991838681,0.35011658361196235,True
