index,v_level,gamma_level,s_level,tau_level,v_gen,gamma_gen,s_gen,tau_gen,v_rec,v_rec_hpd_lower,v_rec_hpd_upper,gamma_rec,gamma_rec_hpd_lower,gamma_rec_hpd_upper,s_rec,s_rec_hpd_lower,s_rec_hpd_upper,tau_rec,tau_rec_hpd_lower,tau_rec_hpd_upper,converged
56,high,low,low,high,0.00013699999999999997,-0.8,0.0067,1.135,0.00013183905796234447,0.00011689993030892192,0.00015279745554469234,-0.6527883960263847,-0.7113029102385191,-0.5863289333635961,0.007546830175601317,0.006624237025858912,0.008332375755200998,1.0598505000837186,0.9257002485436054,1.186520866736971,True
