index,v_level,gamma_level,s_level,tau_level,v_gen,gamma_gen,s_gen,tau_gen,v_rec,v_rec_hpd_lower,v_rec_hpd_upper,gamma_rec,gamma_rec_hpd_lower,gamma_rec_hpd_upper,s_rec,s_rec_hpd_lower,s_rec_hpd_upper,tau_rec,tau_rec_hpd_lower,tau_rec_hpd_upper,converged
38,medium,medium,low,high,8.249999999999999e-05,5.551115123125783e-17,0.0047,1.135,9.993959170137577e-05,7.512797960792894e-05,0.00012425272383306723,-0.02708119903509562,-0.20604636193943238,0.1326634890964289,0.005187890331512982,0.004251384872177047,0.006515362914231096,1.1308820901325467,0.9758323578502831,1.2850589880723249,False
