index,v_level,gamma_level,s_level,tau_level,v_gen,gamma_gen,s_gen,tau_gen,v_rec,v_rec_hpd_lower,v_rec_hpd_upper,gamma_rec,gamma_rec_hpd_lower,gamma_rec_hpd_upper,s_rec,s_rec_hpd_lower,s_rec_hpd_upper,tau_rec,tau_rec_hpd_lower,tau_rec_hpd_upper,converged
36,medium,medium,low,low,8.499999999999999e-05,5.551115123125783e-17,0.0067,0.21500000000000002,0.00010441895328519743,9.757691945612684e-05,0.0001150089235471414,-0.03310397285606692,-0.2518693455655807,0.14828612899562899,0.006385137600612121,0.005963799149229042,0.006827987559334586,0.21884454484082652,0.15279402539245543,0.29823700344362514,False
